player_id,statsbomb_name,statsbomb_name_norm,fifa_player_name,fifa_name_norm,match_score
3671.0,José Leonardo Ulloa,jose leonardo ulloa,Leonardo Ulloa,leonardo ulloa,95.0
3671.0,José Leonardo Ulloa,jose leonardo ulloa,José Enrique,jose enrique,85.5
3671.0,José Leonardo Ulloa,jose leonardo ulloa,José Fonte,jose fonte,85.5
3671.0,José Leonardo Ulloa,jose leonardo ulloa,Jose Holebas,jose holebas,85.5
3671.0,José Leonardo Ulloa,jose leonardo ulloa,Joselu,joselu,75.00000000000001
3961.0,N''Golo Kanté,n''golo kante,N'Golo Kanté,n'golo kante,96.0
9554.0,Steven Fletcher,steven fletcher,Ashley Fletcher,ashley fletcher,73.33333333333334
9554.0,Steven Fletcher,steven fletcher,Darren Fletcher,darren fletcher,73.33333333333334
9554.0,Steven Fletcher,steven fletcher,Steven CaulkerL,steven caulkerl,66.66666666666667
9554.0,Steven Fletcher,steven fletcher,Steve Harper,steve harper,66.66666666666667
4429.0,Yann Gérard M''Vila,yann gerard m''vila,Yann M'Vila,yann m'vila,85.5
4429.0,Yann Gérard M''Vila,yann gerard m''vila,Ryan Seager,ryan seager,66.31578947368422
43627.0,Jordi Gómez García-Penche,jordi gomez garcia penche,Jordi Gómez,jordi gomez,90.0
43627.0,Jordi Gómez García-Penche,jordi gomez garcia penche,Joe Gomez,joe gomez,85.5
43627.0,Jordi Gómez García-Penche,jordi gomez garcia penche,Aleix García,aleix garcia,85.5
43627.0,Jordi Gómez García-Penche,jordi gomez garcia penche,Manu García,manu garcia,85.5
43627.0,Jordi Gómez García-Penche,jordi gomez garcia penche,Jordi Amat,jordi amat,85.5
4041.0,José Salomón Rondón Giménez,jose salomon rondon gimenez,Salomón Rondón,salomon rondon,90.0
4041.0,José Salomón Rondón Giménez,jose salomon rondon gimenez,José Enrique,jose enrique,85.5
4041.0,José Salomón Rondón Giménez,jose salomon rondon gimenez,José Fonte,jose fonte,85.5
4041.0,José Salomón Rondón Giménez,jose salomon rondon gimenez,Jose Holebas,jose holebas,85.5
4041.0,José Salomón Rondón Giménez,jose salomon rondon gimenez,Joselu,joselu,72.0
3967.0,Claudio Ariel Yacob,claudio ariel yacob,Claudio Yacob,claudio yacob,95.0
3967.0,Claudio Ariel Yacob,claudio ariel yacob,Gabriel,gabriel,71.25
3436.0,Idrissa Gana Gueye,idrissa gana gueye,Idrissa Gueye,idrissa gueye,95.0
8061.0,Siem Stefan de Jong,siem stefan de jong,De Gea,de gea,85.5
8061.0,Siem Stefan de Jong,siem stefan de jong,Siem de Jong,siem de jong,85.5
5685.0,Carlos Alberto Sánchez Moreno,carlos alberto sanchez moreno,Alexis Sánchez,alexis sanchez,85.5
5685.0,Carlos Alberto Sánchez Moreno,carlos alberto sanchez moreno,Carlos Sánchez,carlos sanchez,85.5
5685.0,Carlos Alberto Sánchez Moreno,carlos alberto sanchez moreno,Alberto Moreno,alberto moreno,85.5
5685.0,Carlos Alberto Sánchez Moreno,carlos alberto sanchez moreno,Alberto Paloschi,alberto paloschi,85.5
5685.0,Carlos Alberto Sánchez Moreno,carlos alberto sanchez moreno,Juan Carlos Paredes,juan carlos paredes,85.5
3076.0,Ayoze Pérez Gutiérrez,ayoze perez gutierrez,Ayoze Pérez,ayoze perez,90.0
3442.0,El-Hadji Baye Oumar Niasse,el hadji baye oumar niasse,Oumar Niasse,oumar niasse,90.0
4884.0,Pape N''Diaye Souaré,pape n''diaye souare,Pape Souaré,pape souare,85.5
5458.0,Odion Jude Ighalo,odion jude ighalo,Odion Ighalo,odion ighalo,95.0
23488.0,Mario Suárez Mata,mario suarez mata,Mario Suárez,mario suarez,95.0
23488.0,Mario Suárez Mata,mario suarez mata,Juan Mata,juan mata,85.5
3326.0,Chung-Yong Lee,chung yong lee,Lee Chung Yong,lee chung yong,95.0
3326.0,Chung-Yong Lee,chung yong lee,Lee Lucas,lee lucas,85.5
6746.0,Gabriel Armando de Abreu,gabriel armando de abreu,Gabriel,gabriel,90.0
6746.0,Gabriel Armando de Abreu,gabriel armando de abreu,Ritchie De Laet,ritchie de laet,85.5
6746.0,Gabriel Armando de Abreu,gabriel armando de abreu,Kevin De Bruyne,kevin de bruyne,85.5
6746.0,Gabriel Armando de Abreu,gabriel armando de abreu,De Gea,de gea,85.5
6746.0,Gabriel Armando de Abreu,gabriel armando de abreu,Gabriel Obertan,gabriel obertan,85.5
3385.0,Alexis Alejandro Sánchez Sánchez,alexis alejandro sanchez sanchez,Alexis Sánchez,alexis sanchez,85.5
3385.0,Alexis Alejandro Sánchez Sánchez,alexis alejandro sanchez sanchez,Carlos Sánchez,carlos sanchez,85.5
3385.0,Alexis Alejandro Sánchez Sánchez,alexis alejandro sanchez sanchez,Alex Palmer,alex palmer,68.57142857142857
3511.0,Héctor Bellerín Moruno,hector bellerin moruno,Héctor Bellerín,hector bellerin,95.0
3511.0,Héctor Bellerín Moruno,hector bellerin moruno,Michael Hector,michael hector,85.5
3568.0,Mohamed Naser Elsayed Elneny,mohamed naser elsayed elneny,Moha,moha,90.0
3568.0,Mohamed Naser Elsayed Elneny,mohamed naser elsayed elneny,Mohamed Elneny,mohamed elneny,85.5
11386.0,Santiago Cazorla González,santiago cazorla gonzalez,Santi Cazorla,santi cazorla,85.5
42703.0,Mikel Arteta Amatriain,mikel arteta amatriain,John Obi Mikel,john obi mikel,85.5
42703.0,Mikel Arteta Amatriain,mikel arteta amatriain,Adama,adama,72.0
42703.0,Mikel Arteta Amatriain,mikel arteta amatriain,Mikael Mandron,mikael mandron,65.45454545454547
42703.0,Mikel Arteta Amatriain,mikel arteta amatriain,Adrián,adrian,65.45454545454547
13200.0,Oluwaseyi Babajide Ojo,oluwaseyi babajide ojo,Sheyi Ojo,sheyi ojo,85.5
3380.0,Christian Benteke Liolo,christian benteke liolo,Christian Benteke,christian benteke,95.0
3380.0,Christian Benteke Liolo,christian benteke liolo,Christian Fuchs,christian fuchs,85.5
3380.0,Christian Benteke Liolo,christian benteke liolo,Cristian Manea,cristian manea,69.23076923076923
3380.0,Christian Benteke Liolo,christian benteke liolo,Cristian Gamboa,cristian gamboa,69.23076923076923
3380.0,Christian Benteke Liolo,christian benteke liolo,Christian Eriksen,christian eriksen,65.76923076923076
3043.0,Christian Dannemann Eriksen,christian dannemann eriksen,Christian Fuchs,christian fuchs,85.5
3043.0,Christian Dannemann Eriksen,christian dannemann eriksen,Christian Benteke,christian benteke,85.5
3043.0,Christian Dannemann Eriksen,christian dannemann eriksen,Christian Eriksen,christian eriksen,85.5
3043.0,Christian Dannemann Eriksen,christian dannemann eriksen,Christian Maghoma,christian maghoma,85.5
3043.0,Christian Dannemann Eriksen,christian dannemann eriksen,Cristian Manea,cristian manea,73.33333333333334
3094.0,Bamidele Alli,bamidele alli,Dele Alli,dele alli,81.81818181818181
3237.0,Sergio Leonel Agüero del Castillo,sergio leonel aguero del castillo,Sergio Agüero,sergio aguero,85.5
3237.0,Sergio Leonel Agüero del Castillo,sergio leonel aguero del castillo,Sergio Romero,sergio romero,85.5
3090.0,Nicolás Hernán Otamendi,nicolas hernan otamendi,Nicolás Otamendi,nicolas otamendi,95.0
3090.0,Nicolás Hernán Otamendi,nicolas hernan otamendi,Fernando,fernando,67.5
3090.0,Nicolás Hernán Otamendi,nicolas hernan otamendi,Almen Abdi,almen abdi,67.5
3087.0,Gnégnéri Yaya Touré,gnegneri yaya toure,Yaya Touré,yaya toure,90.0
3087.0,Gnégnéri Yaya Touré,gnegneri yaya toure,Yaya Sanogo,yaya sanogo,85.5
3087.0,Gnégnéri Yaya Touré,gnegneri yaya toure,Kolo Touré,kolo toure,85.5
3054.0,Fernando Luiz Rosa,fernando luiz rosa,Fernando,fernando,90.0
3054.0,Fernando Luiz Rosa,fernando luiz rosa,Fernandinho,fernandinho,75.78947368421052
3054.0,Fernando Luiz Rosa,fernando luiz rosa,Oscar,oscar,67.5
3598.0,Wilfried Guemiand Bony,wilfried guemiand bony,Wilfried Zaha,wilfried zaha,85.5
3598.0,Wilfried Guemiand Bony,wilfried guemiand bony,Wilfried Bony,wilfried bony,85.5
3598.0,Wilfried Guemiand Bony,wilfried guemiand bony,Ilori,ilori,72.0
3598.0,Wilfried Guemiand Bony,wilfried guemiand bony,Ivan Toney,ivan toney,66.31578947368422
3589.0,Yannick Bolasie Yala,yannick bolasie yala,Yannick Bolasie,yannick bolasie,95.0
3589.0,Yannick Bolasie Yala,yannick bolasie yala,Allan,allan,67.5
3289.0,Romelu Lukaku Menama,romelu lukaku menama,Romelu Lukaku,romelu lukaku,90.0
3289.0,Romelu Lukaku Menama,romelu lukaku menama,Adama,adama,67.5
4629.0,José Ramiro Funes Mori,jose ramiro funes mori,Ramiro Funes Mori,ramiro funes mori,95.0
4629.0,José Ramiro Funes Mori,jose ramiro funes mori,José Enrique,jose enrique,85.5
4629.0,José Ramiro Funes Mori,jose ramiro funes mori,José Fonte,jose fonte,85.5
4629.0,José Ramiro Funes Mori,jose ramiro funes mori,Jose Holebas,jose holebas,85.5
4629.0,José Ramiro Funes Mori,jose ramiro funes mori,Joselu,joselu,72.0
9463.0,Alexander Banor Tettey,alexander banor tettey,Alexander Tettey,alexander tettey,95.0
9463.0,Alexander Banor Tettey,alexander banor tettey,Alexandre Pato,alexandre pato,70.71428571428571
9463.0,Alexander Banor Tettey,alexander banor tettey,Leandro Bacuna,leandro bacuna,66.66666666666667
10967.0,Robert Brady,robert brady,Robbie Brady,robbie brady,83.33333333333334
10967.0,Robert Brady,robert brady,Robert Huth,robert huth,67.05882352941177
16295.0,Dame N''Doye,dame n''doye,Dame N'Doye,dame n'doye,95.65217391304348
16295.0,Dame N''Doye,dame n''doye,Adama,adama,67.5
9452.0,Gary O''Neil,gary o''neil,Gary O'Neil,gary o'neil,95.65217391304348
3529.0,Daniel Andre Sturridge,daniel andre sturridge,Daniel Sturridge,daniel sturridge,95.0
3529.0,Daniel Andre Sturridge,daniel andre sturridge,Daniel Crowley,daniel crowley,85.5
3529.0,Daniel Andre Sturridge,daniel andre sturridge,André Green,andre green,85.5
3529.0,Daniel Andre Sturridge,daniel andre sturridge,Andre Olukanmi,andre olukanmi,85.5
3529.0,Daniel Andre Sturridge,daniel andre sturridge,Daniel Amartey,daniel amartey,85.5
3535.0,Roberto Firmino Barbosa de Oliveira,roberto firmino barbosa de oliveira,Roberto Firmino,roberto firmino,90.0
3535.0,Roberto Firmino Barbosa de Oliveira,roberto firmino barbosa de oliveira,Ritchie De Laet,ritchie de laet,85.5
3535.0,Roberto Firmino Barbosa de Oliveira,roberto firmino barbosa de oliveira,Kevin De Bruyne,kevin de bruyne,85.5
3535.0,Roberto Firmino Barbosa de Oliveira,roberto firmino barbosa de oliveira,De Gea,de gea,85.5
3535.0,Roberto Firmino Barbosa de Oliveira,roberto firmino barbosa de oliveira,Siem de Jong,siem de jong,85.5
3501.0,Philippe Coutinho Correia,philippe coutinho correia,Coutinho,coutinho,90.0
4090.0,Adam David Lallana,adam david lallana,Allan,allan,90.0
4090.0,Adam David Lallana,adam david lallana,David Ospina,david ospina,85.5
4090.0,Adam David Lallana,adam david lallana,Adam Smith,adam smith,85.5
4090.0,Adam David Lallana,adam david lallana,David Henen,david henen,85.5
4090.0,Adam David Lallana,adam david lallana,Adam Lallana,adam lallana,85.5
2956.0,Bertrand Isidore Traoré,bertrand isidore traore,Bertrand Traoré,bertrand traore,85.5
2956.0,Bertrand Isidore Traoré,bertrand isidore traore,Ryan Bertrand,ryan bertrand,85.5
3958.0,Pedro Eliezer Rodríguez Ledesma,pedro eliezer rodriguez ledesma,Pedro,pedro,90.0
3958.0,Pedro Eliezer Rodríguez Ledesma,pedro eliezer rodriguez ledesma,Joao Rodríguez,joao rodriguez,85.5
3958.0,Pedro Eliezer Rodríguez Ledesma,pedro eliezer rodriguez ledesma,Jay Rodriguez,jay rodriguez,85.5
3958.0,Pedro Eliezer Rodríguez Ledesma,pedro eliezer rodriguez ledesma,Pedro Obiang,pedro obiang,85.5
3472.0,Willian Borges da Silva,willian borges da silva,Willian,willian,90.0
3472.0,Willian Borges da Silva,willian borges da silva,David Silva,david silva,85.5
3472.0,Willian Borges da Silva,willian borges da silva,Allan,allan,72.0
3478.0,Francesc Fàbregas i Soler,francesc fabregas i soler,Cesc Fàbregas,cesc fabregas,90.0
38412.0,Kolo Habib Touré,kolo habib toure,Kolo Touré,kolo toure,85.5
38412.0,Kolo Habib Touré,kolo habib toure,Yaya Touré,yaya toure,85.5
38412.0,Kolo Habib Touré,kolo habib toure,Moha,moha,67.5
4590.0,Nathaniel Edwin Clyne,nathaniel edwin clyne,Nathaniel Clyne,nathaniel clyne,95.0
4590.0,Nathaniel Edwin Clyne,nathaniel edwin clyne,Nathan,nathan,90.0
4590.0,Nathaniel Edwin Clyne,nathaniel edwin clyne,Nathan AkéL,nathan akel,72.0
4590.0,Nathaniel Edwin Clyne,nathaniel edwin clyne,Nathan Aké,nathan ake,70.00000000000001
4590.0,Nathaniel Edwin Clyne,nathaniel edwin clyne,Nathan DyerL,nathan dyerl,68.57142857142857
3473.0,James Philip Milner,james philip milner,Matty James,matty james,85.5
3473.0,James Philip Milner,james philip milner,James Milner,james milner,85.5
3473.0,James Philip Milner,james philip milner,James Wilson,james wilson,85.5
42902.0,Adam Johnson,adam johnson,Reece Hall-Johnson,reece hall johnson,85.5
42902.0,Adam Johnson,adam johnson,Adama,adama,80.0
42902.0,Adam Johnson,adam johnson,Sam Johnstone,sam johnstone,80.0
42902.0,Adam Johnson,adam johnson,Glen Johnson,glen johnson,70.0
42902.0,Adam Johnson,adam johnson,Callam Jones,callam jones,66.66666666666667
3532.0,Jordan Brian Henderson,jordan brian henderson,Jordan Henderson,jordan henderson,95.0
3532.0,Jordan Brian Henderson,jordan brian henderson,Jordan Amavi,jordan amavi,85.5
3532.0,Jordan Brian Henderson,jordan brian henderson,Jordan Ayew,jordan ayew,85.5
3532.0,Jordan Brian Henderson,jordan brian henderson,Jordan Lyden,jordan lyden,85.5
3532.0,Jordan Brian Henderson,jordan brian henderson,Jordan Lee,jordan lee,85.5
4913.0,Bojan Krkíc Pérez,bojan krkic perez,Bojan,bojan,90.0
4913.0,Bojan Krkíc Pérez,bojan krkic perez,Ayoze Pérez,ayoze perez,85.5
3606.0,Ander Herrera Agüera,ander herrera aguera,Ander Herrera,ander herrera,90.0
3296.0,Marouane Fellaini-Bakkioui,marouane fellaini bakkioui,Marouane Fellaini,marouane fellaini,90.0
3296.0,Marouane Fellaini-Bakkioui,marouane fellaini bakkioui,Marouane Chamakh,marouane chamakh,85.5
3296.0,Marouane Fellaini-Bakkioui,marouane fellaini bakkioui,Allan,allan,72.0
3296.0,Marouane Fellaini-Bakkioui,marouane fellaini bakkioui,Arouna Koné,arouna kone,66.50000000000001
3294.0,Juan Manuel Mata García,juan manuel mata garcia,Aleix García,aleix garcia,85.5
3294.0,Juan Manuel Mata García,juan manuel mata garcia,Manu García,manu garcia,85.5
3294.0,Juan Manuel Mata García,juan manuel mata garcia,Juan Mata,juan mata,85.5
3294.0,Juan Manuel Mata García,juan manuel mata garcia,Manuel Lanzini,manuel lanzini,85.5
3294.0,Juan Manuel Mata García,juan manuel mata garcia,Juanmi,juanmi,75.00000000000001
36983.0,Juan Carlos Paredes Reasco,juan carlos paredes reasco,Juan Carlos Paredes,juan carlos paredes,95.0
36983.0,Juan Carlos Paredes Reasco,juan carlos paredes reasco,Carlos Sánchez,carlos sanchez,85.5
36983.0,Juan Carlos Paredes Reasco,juan carlos paredes reasco,Juan Mata,juan mata,85.5
36983.0,Juan Carlos Paredes Reasco,juan carlos paredes reasco,Juanmi,juanmi,72.0
5198.0,Diego da Silva Costa,diego da silva costa,Diego Costa,diego costa,85.5
5198.0,Diego da Silva Costa,diego da silva costa,David Silva,david silva,85.5
5198.0,Diego da Silva Costa,diego da silva costa,Diego Poyet,diego poyet,85.5
40122.0,Oscar dos Santos Emboaba Júnior,oscar dos santos emboaba junior,Oscar,oscar,90.0
40122.0,Oscar dos Santos Emboaba Júnior,oscar dos santos emboaba junior,Junior Stanislas,junior stanislas,85.5
40122.0,Oscar dos Santos Emboaba Júnior,oscar dos santos emboaba junior,Ilori,ilori,67.5
40122.0,Oscar dos Santos Emboaba Júnior,oscar dos santos emboaba junior,Moha,moha,67.5
3603.0,Mame Biram Diouf,mame biram diouf,Mame Diouf,mame diouf,85.5
3603.0,Mame Biram Diouf,mame biram diouf,Sam Byram,sam byram,70.00000000000001
5264.0,Guillermo Varela Olivera,guillermo varela olivera,Guillermo Varela,guillermo varela,90.0
3843.0,Angelo Obinze Ogbonna,angelo obinze ogbonna,Angelo Ogbonna,angelo ogbonna,85.5
3843.0,Angelo Obinze Ogbonna,angelo obinze ogbonna,Angeliño,angelino,77.14285714285715
3515.0,Alberto Moreno Pérez,alberto moreno perez,Alberto Moreno,alberto moreno,95.0
3515.0,Alberto Moreno Pérez,alberto moreno perez,Ayoze Pérez,ayoze perez,85.5
4747.0,Divock Okoth Origi,divock okoth origi,Divock Origi,divock origi,85.5
13248.0,Eunan O''Kane,eunan o''kane,Eunan O'Kane,eunan o'kane,96.0
6300.0,Sebastián Coates Nión,sebastian coates nion,Sebastián Coates,sebastian coates,95.0
6300.0,Sebastián Coates Nión,sebastian coates nion,Sebastian Larsson,sebastian larsson,73.6842105263158
6300.0,Sebastián Coates Nión,sebastian coates nion,Sebastian Prödl,sebastian prodl,71.25
6300.0,Sebastián Coates Nión,sebastian coates nion,Sébastien Bassong,sebastien bassong,68.42105263157895
6300.0,Sebastián Coates Nión,sebastian coates nion,Sébastien Pocognoli,sebastien pocognoli,65.0
15996.0,Éderzito António Macedo Lopes,ederzito antonio macedo lopes,Antonio Valencia,antonio valencia,85.5
15996.0,Éderzito António Macedo Lopes,ederzito antonio macedo lopes,Michail Antonio,michail antonio,85.5
3347.0,André Ayew Pelé,andre ayew pele,André Ayew,andre ayew,90.0
3347.0,André Ayew Pelé,andre ayew pele,Andreas Pereira,andreas pereira,66.66666666666667
3347.0,André Ayew Pelé,andre ayew pele,SandroL,sandrol,65.45454545454547
3605.0,Sung-Yeung Ki,sung yeung ki,Ki Sung Yueng,ki sung yueng,87.6923076923077
3944.0,Gylfi Þór Sigurðsson,gylfi or sigursson,Gylfi Sigurðsson,gylfi sigursson,95.0
3272.0,Oriol Romeu Vidal,oriol romeu vidal,Oriol Romeu,oriol romeu,90.0
3272.0,Oriol Romeu Vidal,oriol romeu vidal,Ilori,ilori,67.5
9578.0,Jonathan Howson,jonathan howson,Nathan,nathan,90.0
9578.0,Jonathan Howson,jonathan howson,Jonny Howson,jonny howson,81.4814814814815
9578.0,Jonathan Howson,jonathan howson,Jonathan Maddison,jonathan maddison,75.0
9578.0,Jonathan Howson,jonathan howson,Jonathan Leko,jonathan leko,72.38095238095238
9578.0,Jonathan Howson,jonathan howson,Jonathan Walters,jonathan walters,70.96774193548387
4804.0,Bradley Johnson,bradley johnson,Glen Johnson,glen johnson,74.07407407407408
4804.0,Bradley Johnson,bradley johnson,Bradley Collins,bradley collins,73.33333333333334
4804.0,Bradley Johnson,bradley johnson,Bradley Watkins,bradley watkins,66.66666666666667
4804.0,Bradley Johnson,bradley johnson,Reece Hall-Johnson,reece hall johnson,66.66666666666667
3498.0,Ignacio Monreal Eraso,ignacio monreal eraso,Nacho Monreal,nacho monreal,85.5
5581.0,Joel Nathaniel Campbell Samuels,joel nathaniel campbell samuels,Nathan,nathan,90.0
5581.0,Joel Nathaniel Campbell Samuels,joel nathaniel campbell samuels,Joel Campbell,joel campbell,85.5
5581.0,Joel Nathaniel Campbell Samuels,joel nathaniel campbell samuels,Fraizer Campbell,fraizer campbell,85.5
5581.0,Joel Nathaniel Campbell Samuels,joel nathaniel campbell samuels,Joel Ward,joel ward,85.5
5581.0,Joel Nathaniel Campbell Samuels,joel nathaniel campbell samuels,Joel Robles,joel robles,85.5
3602.0,Faustino Marcos Alberto Rojo,faustino marcos alberto rojo,Alberto Moreno,alberto moreno,85.5
3602.0,Faustino Marcos Alberto Rojo,faustino marcos alberto rojo,Marcos Rojo,marcos rojo,85.5
3602.0,Faustino Marcos Alberto Rojo,faustino marcos alberto rojo,Alberto Paloschi,alberto paloschi,85.5
3602.0,Faustino Marcos Alberto Rojo,faustino marcos alberto rojo,Marc Albrighton,marc albrighton,66.00000000000001
6821.0,Jesús Navas González,jesus navas gonzalez,Jesús Navas,jesus navas,90.0
3538.0,Wayne Mark Rooney,wayne mark rooney,Wayne Rooney,wayne rooney,95.0
3538.0,Wayne Mark Rooney,wayne mark rooney,Mark Bunn,mark bunn,85.5
3538.0,Wayne Mark Rooney,wayne mark rooney,Mark Noble,mark noble,85.5
3456.0,Kurt Happy Zouma,kurt happy zouma,Kurt Zouma,kurt zouma,85.5
5602.0,Cristian Gamboa Luna,cristian gamboa luna,Cristian Gamboa,cristian gamboa,95.0
5602.0,Cristian Gamboa Luna,cristian gamboa luna,Cristian Manea,cristian manea,76.47058823529412
5602.0,Cristian Gamboa Luna,cristian gamboa luna,Moha,moha,67.5
16890.0,John O''Shea,john o''shea,John O'Shea,john o'shea,95.65217391304348
16890.0,John O''Shea,john o''shea,Josh Sheehan,josh sheehan,66.66666666666667
3037.0,Mousa Sidi Yaya Dembélé,mousa sidi yaya dembele,Yaya Sanogo,yaya sanogo,85.5
3037.0,Mousa Sidi Yaya Dembélé,mousa sidi yaya dembele,Yaya Touré,yaya toure,85.5
3037.0,Mousa Sidi Yaya Dembélé,mousa sidi yaya dembele,Moussa Dembélé,moussa dembele,85.5
3037.0,Mousa Sidi Yaya Dembélé,mousa sidi yaya dembele,Moussa Sissoko,moussa sissoko,65.45454545454547
3960.0,José Miguel da Rocha Fonte,jose miguel da rocha fonte,José Enrique,jose enrique,85.5
3960.0,José Miguel da Rocha Fonte,jose miguel da rocha fonte,José Fonte,jose fonte,85.5
3960.0,José Miguel da Rocha Fonte,jose miguel da rocha fonte,Jose Holebas,jose holebas,85.5
3960.0,José Miguel da Rocha Fonte,jose miguel da rocha fonte,Joselu,joselu,72.0
3960.0,José Miguel da Rocha Fonte,jose miguel da rocha fonte,Moha,moha,67.5
3445.0,Radamel Falcao García Zárate,radamel falcao garcia zarate,Falcao,falcao,90.0
3445.0,Radamel Falcao García Zárate,radamel falcao garcia zarate,Aleix García,aleix garcia,85.5
3445.0,Radamel Falcao García Zárate,radamel falcao garcia zarate,Manu García,manu garcia,85.5
3445.0,Radamel Falcao García Zárate,radamel falcao garcia zarate,Adama,adama,72.0
3437.0,Francis Joseph Coquelin,francis joseph coquelin,Francis Coquelin,francis coquelin,95.0
3437.0,Francis Joseph Coquelin,francis joseph coquelin,Simon Francis,simon francis,85.5
42699.0,Gabriel Imuetinyan Agbonlahor,gabriel imuetinyan agbonlahor,Gabriel,gabriel,90.0
42699.0,Gabriel Imuetinyan Agbonlahor,gabriel imuetinyan agbonlahor,Gabriel Agbonlahor,gabriel agbonlahor,85.5
42699.0,Gabriel Imuetinyan Agbonlahor,gabriel imuetinyan agbonlahor,Gabriel Obertan,gabriel obertan,85.5
4416.0,Max-Alain Gradel,max alain gradel,Max Gradel,max gradel,85.5
4416.0,Max-Alain Gradel,max alain gradel,Allan,allan,72.0
3654.0,Daniel William John Ings,daniel william john ings,Daniel Crowley,daniel crowley,85.5
3654.0,Daniel William John Ings,daniel william john ings,John Obi Mikel,john obi mikel,85.5
3654.0,Daniel William John Ings,daniel william john ings,John Swift,john swift,85.5
3654.0,Daniel William John Ings,daniel william john ings,John Terry,john terry,85.5
3654.0,Daniel William John Ings,daniel william john ings,John Stones,john stones,85.5
3254.0,Florian Thauvin,florian thauvin,Ilori,ilori,72.0
6870.0,José Manuel Jurado Marín,jose manuel jurado marin,Jurado,jurado,90.0
6870.0,José Manuel Jurado Marín,jose manuel jurado marin,José Enrique,jose enrique,85.5
6870.0,José Manuel Jurado Marín,jose manuel jurado marin,José Fonte,jose fonte,85.5
6870.0,José Manuel Jurado Marín,jose manuel jurado marin,Jose Holebas,jose holebas,85.5
6870.0,José Manuel Jurado Marín,jose manuel jurado marin,Manuel Lanzini,manuel lanzini,85.5
3044.0,Chancel Mbemba Mangulu,chancel mbemba mangulu,Chancel Mbemba,chancel mbemba,90.0
23663.0,Dieumerci Mbokani Bezua,dieumerci mbokani bezua,Dieumerci Mbokani,dieumerci mbokani,95.0
23663.0,Dieumerci Mbokani Bezua,dieumerci mbokani bezua,Bojan,bojan,72.0
31296.0,Sébastien Aymar Bassong Nguena,sebastien aymar bassong nguena,Sébastien Bassong,sebastien bassong,85.5
31296.0,Sébastien Aymar Bassong Nguena,sebastien aymar bassong nguena,Sébastien Pocognoli,sebastien pocognoli,85.5
31296.0,Sébastien Aymar Bassong Nguena,sebastien aymar bassong nguena,Sebastián Coates,sebastian coates,66.66666666666667
31296.0,Sébastien Aymar Bassong Nguena,sebastien aymar bassong nguena,Glen Kamara,glen kamara,65.45454545454547
3666.0,Robert Kenedy Nunes do Nascimento,robert kenedy nunes do nascimento,Kenedy,kenedy,90.0
3666.0,Robert Kenedy Nunes do Nascimento,robert kenedy nunes do nascimento,Robert Huth,robert huth,85.5
11012.0,Jonathan Grant Evans,jonathan grant evans,Nathan,nathan,90.0
11012.0,Jonathan Grant Evans,jonathan grant evans,Conor Grant,conor grant,85.5
11012.0,Jonathan Grant Evans,jonathan grant evans,Grant Ward,grant ward,85.5
11012.0,Jonathan Grant Evans,jonathan grant evans,Jonathan Leko,jonathan leko,85.5
11012.0,Jonathan Grant Evans,jonathan grant evans,Jonny Evans,jonny evans,85.5
6800.0,Carles Gil de Pareja Vicent,carles gil de pareja vicent,Carles Gil,carles gil,90.0
6800.0,Carles Gil de Pareja Vicent,carles gil de pareja vicent,Ritchie De Laet,ritchie de laet,85.5
6800.0,Carles Gil de Pareja Vicent,carles gil de pareja vicent,Kevin De Bruyne,kevin de bruyne,85.5
6800.0,Carles Gil de Pareja Vicent,carles gil de pareja vicent,De Gea,de gea,85.5
6800.0,Carles Gil de Pareja Vicent,carles gil de pareja vicent,Siem de Jong,siem de jong,85.5
30702.0,Brendan Joel Zibusiso Galloway,brendan joel zibusiso galloway,Joel Campbell,joel campbell,85.5
30702.0,Brendan Joel Zibusiso Galloway,brendan joel zibusiso galloway,Joel Ward,joel ward,85.5
30702.0,Brendan Joel Zibusiso Galloway,brendan joel zibusiso galloway,Brendan Galloway,brendan galloway,85.5
30702.0,Brendan Joel Zibusiso Galloway,brendan joel zibusiso galloway,Joel Robles,joel robles,85.5
30702.0,Brendan Joel Zibusiso Galloway,brendan joel zibusiso galloway,Joel Taylor,joel taylor,85.5
3726.0,Gerard Deulofeu Lázaro,gerard deulofeu lazaro,Deulofeu,deulofeu,90.0
3265.0,José Luis Sanmartín Mato,jose luis sanmartin mato,José Enrique,jose enrique,85.5
3265.0,José Luis Sanmartín Mato,jose luis sanmartin mato,José Fonte,jose fonte,85.5
3265.0,José Luis Sanmartín Mato,jose luis sanmartin mato,Jose Holebas,jose holebas,85.5
3265.0,José Luis Sanmartín Mato,jose luis sanmartin mato,Joselu,joselu,75.00000000000001
3265.0,José Luis Sanmartín Mato,jose luis sanmartin mato,Martin Smith,martin smith,70.43478260869566
3534.0,Clinton Mua N''Jie,clinton mua n''jie,Clinton N'Jié,clinton n'jie,83.87096774193549
7063.0,Jefferson Antonio Montero Vite,jefferson antonio montero vite,Antonio Valencia,antonio valencia,85.5
7063.0,Jefferson Antonio Montero Vite,jefferson antonio montero vite,Jefferson Montero,jefferson montero,85.5
7063.0,Jefferson Antonio Montero Vite,jefferson antonio montero vite,Michail Antonio,michail antonio,85.5
43695.0,Brede Hangeland,brede hangeland,Gabriele Angella,gabriele angella,70.96774193548387
43695.0,Brede Hangeland,brede hangeland,Angeliño,angelino,67.5
16003.0,Fernando Francisco Reges,fernando francisco reges,Fernando,fernando,90.0
16003.0,Fernando Francisco Reges,fernando francisco reges,Fernandinho,fernandinho,75.78947368421052
16003.0,Fernando Francisco Reges,fernando francisco reges,Gomes,gomes,67.5
3064.0,David Josué Jiménez Silva,david josue jimenez silva,David Ospina,david ospina,85.5
3064.0,David Josué Jiménez Silva,david josue jimenez silva,Wellington Silva,wellington silva,85.5
3064.0,David Josué Jiménez Silva,david josue jimenez silva,David Henen,david henen,85.5
3064.0,David Josué Jiménez Silva,david josue jimenez silva,David Faupala,david faupala,85.5
3064.0,David Josué Jiménez Silva,david josue jimenez silva,David Silva,david silva,85.5
3708.0,Kelechi Promise Iheanacho,kelechi promise iheanacho,Kelechi Iheanacho,kelechi iheanacho,95.0
3665.0,Andrew Philip King,andrew philip king,Joshua King,joshua king,85.5
3665.0,Andrew Philip King,andrew philip king,Andy King,andy king,85.5
3665.0,Andrew Philip King,andrew philip king,Cameron King,cameron king,85.5
3665.0,Andrew Philip King,andrew philip king,André Ayew,andre ayew,67.5
3665.0,Andrew Philip King,andrew philip king,SandroL,sandrol,65.45454545454547
3462.0,Jack Frank Porteous Cork,jack frank porteous cork,Jack Wilshere,jack wilshere,85.5
3462.0,Jack Frank Porteous Cork,jack frank porteous cork,Jack Grealish,jack grealish,85.5
3462.0,Jack Frank Porteous Cork,jack frank porteous cork,Jack Simpson,jack simpson,85.5
3462.0,Jack Frank Porteous Cork,jack frank porteous cork,Jack Barmby,jack barmby,85.5
3462.0,Jack Frank Porteous Cork,jack frank porteous cork,Jack Byrne,jack byrne,85.5
7780.0,Lucas Pezzini Leiva,lucas pezzini leiva,Lucas Piazon,lucas piazon,85.5
7780.0,Lucas Pezzini Leiva,lucas pezzini leiva,Lucas Leiva,lucas leiva,85.5
7780.0,Lucas Pezzini Leiva,lucas pezzini leiva,Lee Lucas,lee lucas,85.5
3329.0,Cédric Ricardo Alves Soares,cedric ricardo alves soares,Cédric,cedric,90.0
3329.0,Cédric Ricardo Alves Soares,cedric ricardo alves soares,Riccardo Calder,riccardo calder,66.00000000000001
3329.0,Cédric Ricardo Alves Soares,cedric ricardo alves soares,Pape Souaré,pape souare,65.45454545454547
42899.0,Gabriel Antoine Obertan,gabriel antoine obertan,Gabriel,gabriel,90.0
42899.0,Gabriel Antoine Obertan,gabriel antoine obertan,Gabriel Obertan,gabriel obertan,85.5
11333.0,Adama Traoré Diarra,adama traore diarra,Adama,adama,90.0
6695.0,Juan Miguel Jiménez López,juan miguel jimenez lopez,Juan Mata,juan mata,85.5
6695.0,Juan Miguel Jiménez López,juan miguel jimenez lopez,Juanmi,juanmi,75.00000000000001
27053.0,Alexandre Dimitri Song-Billong,alexandre dimitri song billong,Alexandre Pato,alexandre pato,85.5
27053.0,Alexandre Dimitri Song-Billong,alexandre dimitri song billong,Alexandre SongL,alexandre songl,85.5
27053.0,Alexandre Dimitri Song-Billong,alexandre dimitri song billong,Dimitri Payet,dimitri payet,85.5
27053.0,Alexandre Dimitri Song-Billong,alexandre dimitri song billong,Aleksandar Mitrović,aleksandar mitrovic,65.0
28559.0,Enner Remberto Valencia Lastra,enner remberto valencia lastra,Antonio Valencia,antonio valencia,85.5
28559.0,Enner Remberto Valencia Lastra,enner remberto valencia lastra,Enner Valencia,enner valencia,85.5
3267.0,Luis Antonio Valencia Mosquera,luis antonio valencia mosquera,Antonio Valencia,antonio valencia,90.0
3267.0,Luis Antonio Valencia Mosquera,luis antonio valencia mosquera,Enner Valencia,enner valencia,85.5
3267.0,Luis Antonio Valencia Mosquera,luis antonio valencia mosquera,Michail Antonio,michail antonio,85.5
40130.0,Victor Chinedu Anichebe,victor chinedu anichebe,Victor Moses,victor moses,85.5
40130.0,Victor Chinedu Anichebe,victor chinedu anichebe,Victor Valdés,victor valdes,85.5
40130.0,Victor Chinedu Anichebe,victor chinedu anichebe,Victor Wanyama,victor wanyama,85.5
40130.0,Victor Chinedu Anichebe,victor chinedu anichebe,Victor Anichebe,victor anichebe,85.5
40130.0,Victor Chinedu Anichebe,victor chinedu anichebe,Victor MosesL,victor mosesl,85.5
7884.0,Marcin Ryszard Wasilewski,marcin ryszard wasilewski,Marcin Wasilewski,marcin wasilewski,95.0
3052.0,Pablo Javier Zabaleta Girod,pablo javier zabaleta girod,Pablo Zabaleta,pablo zabaleta,85.5
3052.0,Pablo Javier Zabaleta Girod,pablo javier zabaleta girod,Olivier Giroud,olivier giroud,65.76923076923076
19288.0,Martín Gastón Demichelis,martin gaston demichelis,Martín Demichelis,martin demichelis,95.0
19288.0,Martín Gastón Demichelis,martin gaston demichelis,Martin Kelly,martin kelly,85.5
19288.0,Martín Gastón Demichelis,martin gaston demichelis,Martin Škrtel,martin skrtel,85.5
19288.0,Martín Gastón Demichelis,martin gaston demichelis,Martin Olsson,martin olsson,85.5
19288.0,Martín Gastón Demichelis,martin gaston demichelis,Russell Martin,russell martin,85.5
3058.0,Javier Hernández Balcázar,javier hernandez balcazar,Fernando,fernando,67.5
7010.0,Gastón Exequiel Ramírez Pereyra,gaston exequiel ramirez pereyra,Gastón Ramírez,gaston ramirez,85.5
3897.0,Pedro Mba Obiang Avomo,pedro mba obiang avomo,Pedro,pedro,90.0
3897.0,Pedro Mba Obiang Avomo,pedro mba obiang avomo,Pedro Obiang,pedro obiang,85.5
13573.0,Yann Kermorgant,yann kermorgant,Wes Morgan,wes morgan,66.31578947368422
5556.0,Miguel Arturo Layún Prado,miguel arturo layun prado,Jurado,jurado,72.0
3288.0,Miguel Ángel Britos Cabrera,miguel angel britos cabrera,Miguel Angel Britos,miguel angel britos,95.0
3288.0,Miguel Ángel Britos Cabrera,miguel angel britos cabrera,Àngel Rangel,angel rangel,85.5
3288.0,Miguel Ángel Britos Cabrera,miguel angel britos cabrera,Oscar,oscar,72.0
3288.0,Miguel Ángel Britos Cabrera,miguel angel britos cabrera,Angeliño,angelino,65.76923076923076
3973.0,Àngel Rangel Zaragoza,angel rangel zaragoza,Àngel Rangel,angel rangel,90.0
3973.0,Àngel Rangel Zaragoza,angel rangel zaragoza,Angeliño,angelino,69.23076923076923
3957.0,César Azpilicueta Tanco,cesar azpilicueta tanco,Azpilicueta,azpilicueta,90.0
5475.0,John Michael Nchekwube Obinna,john michael nchekwube obinna,John Obi Mikel,john obi mikel,85.5
5475.0,John Michael Nchekwube Obinna,john michael nchekwube obinna,John Swift,john swift,85.5
5475.0,John Michael Nchekwube Obinna,john michael nchekwube obinna,John Terry,john terry,85.5
5475.0,John Michael Nchekwube Obinna,john michael nchekwube obinna,Michael Hector,michael hector,85.5
5475.0,John Michael Nchekwube Obinna,john michael nchekwube obinna,John Stones,john stones,85.5
24743.0,Gary Hooper,gary hooper,Pedro,pedro,67.5
3590.0,Rhu-endly Martina,rhu endly martina,Russell Martin,russell martin,70.96774193548387
3590.0,Rhu-endly Martina,rhu endly martina,Cuco Martina,cuco martina,70.0
3590.0,Rhu-endly Martina,rhu endly martina,Martin Kelly,martin kelly,65.51724137931035
16932.0,Youssouf Chafiq Mulumbu Ngangu,youssouf chafiq mulumbu ngangu,Youssouf Mulumbu,youssouf mulumbu,85.5
42702.0,Modibo Maïga,modibo maiga,Odion Ighalo,odion ighalo,66.66666666666667
5689.0,Juan Guillermo Cuadrado Bello,juan guillermo cuadrado bello,Juan Manuel Iturbe,juan manuel iturbe,85.5
5689.0,Juan Guillermo Cuadrado Bello,juan guillermo cuadrado bello,Guillermo Varela,guillermo varela,85.5
5689.0,Juan Guillermo Cuadrado Bello,juan guillermo cuadrado bello,Juan Mata,juan mata,85.5
5689.0,Juan Guillermo Cuadrado Bello,juan guillermo cuadrado bello,Juan Carlos Paredes,juan carlos paredes,85.5
5689.0,Juan Guillermo Cuadrado Bello,juan guillermo cuadrado bello,Juanmi,juanmi,72.0
9958.0,Steven Caulker,steven caulker,Steven CaulkerL,steven caulkerl,96.55172413793103
9958.0,Steven Caulker,steven caulker,Steven Whittaker,steven whittaker,73.33333333333334
9958.0,Steven Caulker,steven caulker,Steve Harper,steve harper,69.23076923076923
9958.0,Steven Caulker,steven caulker,Steve Cook,steve cook,66.66666666666667
19847.0,Alessandro Diamanti,alessandro diamanti,SandroL,sandrol,77.14285714285715
19847.0,Alessandro Diamanti,alessandro diamanti,Adama,adama,72.0
7121.0,Sandro Ranieri Guimarães Cordeiro,sandro ranieri guimaraes cordeiro,SandroL,sandrol,83.07692307692308
4045.0,Leroy Fer,leroy fer,Leroy FerL,leroy ferl,94.73684210526316
4045.0,Leroy Fer,leroy fer,Federico Fernández,federico fernandez,70.00000000000001
3569.0,Daniel Nii Tackie Mensah Welbeck,daniel nii tackie mensah welbeck,Daniel Crowley,daniel crowley,85.5
3569.0,Daniel Nii Tackie Mensah Welbeck,daniel nii tackie mensah welbeck,Danny Welbeck,danny welbeck,85.5
3569.0,Daniel Nii Tackie Mensah Welbeck,daniel nii tackie mensah welbeck,Daniel Amartey,daniel amartey,85.5
3569.0,Daniel Nii Tackie Mensah Welbeck,daniel nii tackie mensah welbeck,Daniel Sturridge,daniel sturridge,85.5
3569.0,Daniel Nii Tackie Mensah Welbeck,daniel nii tackie mensah welbeck,Timothy Fosu-Mensah,timothy fosu mensah,85.5
6560.0,Marc Muniesa Martínez,marc muniesa martinez,Marc Muniesa,marc muniesa,90.0
6560.0,Marc Muniesa Martínez,marc muniesa martinez,Marc Pugh,marc pugh,85.5
6560.0,Marc Muniesa Martínez,marc muniesa martinez,Marc Wilson,marc wilson,85.5
6560.0,Marc Muniesa Martínez,marc muniesa martinez,Marcus McGuane,marcus mcguane,67.5
4346.0,Gilbert Gianelli Imbula Wanga,gilbert gianelli imbula wanga,Giannelli Imbula,giannelli imbula,85.5
4346.0,Gilbert Gianelli Imbula Wanga,gilbert gianelli imbula wanga,Ola Aina,ola aina,67.5
11992.0,Kevin Linford Stewart,kevin linford stewart,Kevin Toner,kevin toner,85.5
11992.0,Kevin Linford Stewart,kevin linford stewart,Kevin Mirallas,kevin mirallas,85.5
11992.0,Kevin Linford Stewart,kevin linford stewart,Kevin Stewart,kevin stewart,85.5
11992.0,Kevin Linford Stewart,kevin linford stewart,Kevin Mbabu,kevin mbabu,85.5
11992.0,Kevin Linford Stewart,kevin linford stewart,Kevin Wimmer,kevin wimmer,85.5
17276.0,Seydou Doumbia,seydou doumbia,Seydou DoumbiaL,seydou doumbial,96.55172413793103
6652.0,Jordi Amat Maas,jordi amat maas,Jordi Amat,jordi amat,90.0
27949.0,Juan Manuel Iturbe Arévalo,juan manuel iturbe arevalo,Juan Manuel Iturbe,juan manuel iturbe,95.0
27949.0,Juan Manuel Iturbe Arévalo,juan manuel iturbe arevalo,Juan Mata,juan mata,85.5
27949.0,Juan Manuel Iturbe Arévalo,juan manuel iturbe arevalo,Manuel Lanzini,manuel lanzini,85.5
27949.0,Juan Manuel Iturbe Arévalo,juan manuel iturbe arevalo,Juanmi,juanmi,75.00000000000001
42901.0,Osazemwinde Peter Odemwingie,osazemwinde peter odemwingie,Peter Odemwingie,peter odemwingie,90.0
42901.0,Osazemwinde Peter Odemwingie,osazemwinde peter odemwingie,Peter Crouch,peter crouch,85.5
42901.0,Osazemwinde Peter Odemwingie,osazemwinde peter odemwingie,Oscar,oscar,67.5
25351.0,Alexandre Rodrigues da Silva,alexandre rodrigues da silva,Wellington Silva,wellington silva,85.5
25351.0,Alexandre Rodrigues da Silva,alexandre rodrigues da silva,Alexandre Pato,alexandre pato,85.5
25351.0,Alexandre Rodrigues da Silva,alexandre rodrigues da silva,David Silva,david silva,85.5
25351.0,Alexandre Rodrigues da Silva,alexandre rodrigues da silva,Alexandre SongL,alexandre songl,85.5
25351.0,Alexandre Rodrigues da Silva,alexandre rodrigues da silva,Andre Wright,andre wright,67.5
3465.0,Timothy Evans Fosu-Mensah,timothy evans fosu mensah,Timothy Fosu-Mensah,timothy fosu mensah,95.0
3465.0,Timothy Evans Fosu-Mensah,timothy evans fosu mensah,Bernard Mensah,bernard mensah,85.5
3465.0,Timothy Evans Fosu-Mensah,timothy evans fosu mensah,Jonny Evans,jonny evans,85.5
3465.0,Timothy Evans Fosu-Mensah,timothy evans fosu mensah,Moha,moha,67.5
128704.0,Emmanuel Emenike,emmanuel emenike,Emmanuel EmenikeL,emmanuel emenikel,96.96969696969697
128704.0,Emmanuel Emenike,emmanuel emenike,Emmanuel Sonupe,emmanuel sonupe,70.96774193548387
128704.0,Emmanuel Emenike,emmanuel emenike,Emmanuel Rivière,emmanuel riviere,68.75
3722.0,Steven Taylor,steven taylor,Corey Blackett-Taylor,corey blackett taylor,85.5
3722.0,Steven Taylor,steven taylor,Steven CaulkerL,steven caulkerl,71.42857142857143
3722.0,Steven Taylor,steven taylor,Steven Whittaker,steven whittaker,68.96551724137932
3722.0,Steven Taylor,steven taylor,Ilori,ilori,67.5
3722.0,Steven Taylor,steven taylor,Joel Taylor,joel taylor,67.05882352941177
22058.0,Connor Steven Randall,connor steven randall,Connor Dymond,connor dymond,85.5
22058.0,Connor Steven Randall,connor steven randall,Connor Wickham,connor wickham,85.5
22058.0,Connor Steven Randall,connor steven randall,Steven Pienaar,steven pienaar,85.5
22058.0,Connor Steven Randall,connor steven randall,Connor Randall,connor randall,85.5
22058.0,Connor Steven Randall,connor steven randall,Steven Davis,steven davis,85.5
3440.0,Tammy Bakumo-Abraham,tammy bakumo abraham,Tammy Abraham,tammy abraham,85.5
3440.0,Tammy Bakumo-Abraham,tammy bakumo abraham,Moha,moha,67.5
13448.0,Bradley Shaun Smith,bradley shaun smith,Adam Smith,adam smith,85.5
13448.0,Bradley Shaun Smith,bradley shaun smith,Brad Smith,brad smith,85.5
13448.0,Bradley Shaun Smith,bradley shaun smith,Liam Smith,liam smith,85.5
13448.0,Bradley Shaun Smith,bradley shaun smith,Martin Smith,martin smith,85.5
42900.0,Cheik Ismaël Tioté,cheik ismael tiote,Cheick Tioté,cheick tiote,85.5
45014.0,Tokelo Anthony Rantie,tokelo anthony rantie,Tokelo Rantie,tokelo rantie,85.5
4097.0,Matt Grimes,matt grimes,Matthew Grimes,matthew grimes,88.0
4097.0,Matt Grimes,matt grimes,Matty James,matty james,72.72727272727273
4097.0,Matt Grimes,matt grimes,Matt Jarvis,matt jarvis,72.72727272727273
4097.0,Matt Grimes,matt grimes,Matt Ritchie,matt ritchie,69.56521739130434
4097.0,Matt Grimes,matt grimes,Gomes,gomes,67.5
4428.0,Mathieu Debuchy,mathieu debuchy,Matthew Butcher,matthew butcher,66.66666666666667
