sofifa_id,short_name,long_name,player_positions,overall,club_team_id,club_name,league_name,league_level,shooting,goalkeeping_diving,goalkeeping_handling,goalkeeping_kicking,goalkeeping_positioning,goalkeeping_reflexes,goalkeeping_speed
183277,E. Hazard,Eden Hazard,LM,89,5.0,Chelsea,English Premier League,1.0,82.0,11,12,6,8,8,
168542,David Silva,David Josué Jiménez Silva,"CAM, LM",88,10.0,Manchester City,English Premier League,1.0,74.0,1,1,1,1,1,
153079,S. Agüero,Sergio Leonel Agüero del Castillo,ST,87,10.0,Manchester City,English Premier League,1.0,87.0,13,15,6,11,14,
162895,Cesc Fàbregas,Francesc Fàbregas i Soler,"CM, CAM",87,5.0,Chelsea,English Premier League,1.0,78.0,6,10,8,15,15,
176635,M. Özil,Mesut Özil,"CAM, LW",87,1.0,Arsenal,English Premier League,1.0,74.0,6,14,10,6,14,
54050,W. Rooney,Wayne Mark Rooney,"ST, CM, CAM",86,11.0,Manchester United,English Premier League,1.0,86.0,10,11,13,8,7,
121944,B. Schweinsteiger,Bastian Schweinsteiger,"CM, CDM",86,11.0,Manchester United,English Premier League,1.0,79.0,14,14,13,13,11,
179844,Diego Costa,Diego da Silva Costa,ST,86,5.0,Chelsea,English Premier League,1.0,83.0,11,13,12,8,11,
184941,A. Sánchez,Alexis Alejandro Sánchez Sánchez,"LW, RW",86,1.0,Arsenal,English Premier League,1.0,83.0,10,10,15,12,13,
192119,T. Courtois,Thibaut Courtois,GK,86,5.0,Chelsea,English Premier League,1.0,,84,87,69,86,88,49.0
192985,K. De Bruyne,Kevin De Bruyne,"CAM, LM, RM",86,10.0,Manchester City,English Premier League,1.0,83.0,15,13,5,10,13,
193080,De Gea,David De Gea Quintana,GK,86,11.0,Manchester United,English Premier League,1.0,,88,81,86,83,89,53.0
13732,J. Terry,John Terry,CB,85,5.0,Chelsea,English Premier League,1.0,47.0,14,5,6,15,8,
20289,Y. Touré,Gnégnéri Yaya Touré,"CM, CDM",85,10.0,Manchester City,English Premier League,1.0,83.0,13,14,6,12,8,
48940,P. Čech,Petr Čech,GK,85,1.0,Arsenal,English Premier League,1.0,,83,84,73,83,84,49.0
139720,V. Kompany,Vincent Jean Mpoy Kompany,CB,85,10.0,Manchester City,English Premier League,1.0,54.0,10,9,5,8,6,
146562,Santi Cazorla,Santiago Cazorla González,"CAM, CM, LM",85,1.0,Arsenal,English Premier League,1.0,78.0,6,9,5,7,15,
167948,H. Lloris,Hugo Lloris,GK,85,18.0,Tottenham Hotspur,English Premier League,1.0,,87,82,68,81,88,64.0
150724,J. Hart,Charles Joseph John Hart,GK,84,10.0,Manchester City,English Premier League,1.0,,85,79,76,84,87,60.0
178088,Juan Mata,Juan Manuel Mata García,"RM, CAM",84,11.0,Manchester United,English Premier League,1.0,75.0,9,10,14,5,8,
188152,Oscar,Oscar dos Santos Emboaba Júnior,"CAM, RM",84,5.0,Chelsea,English Premier League,1.0,75.0,12,10,15,12,12,
189242,Coutinho,Philippe Coutinho Correia,"CAM, LW, CM",84,9.0,Liverpool,English Premier League,1.0,74.0,12,7,9,14,6,
191202,N. Matić,Nemanja Matić,CDM,84,5.0,Chelsea,English Premier League,1.0,70.0,7,15,12,14,9,
192366,N. Otamendi,Nicolás Hernán Gonzalo Otamendi,CB,84,10.0,Manchester City,English Premier League,1.0,56.0,12,5,8,11,12,
53612,P. Mertesacker,Per Mertesacker,CB,83,1.0,Arsenal,English Premier League,1.0,41.0,12,13,5,12,8,
163631,L. Baines,Leighton Baines,LB,83,7.0,Everton,English Premier League,1.0,75.0,8,15,10,13,12,
164468,G. Cahill,Gary Cahill,CB,83,5.0,Chelsea,English Premier League,1.0,58.0,5,12,9,5,12,
165229,L. Koscielny,Laurent Koscielny,CB,83,1.0,Arsenal,English Premier League,1.0,40.0,13,11,9,11,7,
165239,S. Nasri,Samir Nasri,"LM, RM",83,10.0,Manchester City,English Premier League,1.0,76.0,1,1,1,1,1,
167397,Falcao,Radamel Falcao García Zárate,ST,83,5.0,Chelsea,English Premier League,1.0,82.0,10,13,6,9,5,
171833,D. Sturridge,Daniel Andre Sturridge,"ST, RW",83,9.0,Liverpool,English Premier League,1.0,83.0,7,15,9,5,13,
189505,Pedro,Pedro Eliezer Rodríguez Ledesma,"LW, RW",83,5.0,Chelsea,English Premier League,1.0,76.0,5,11,12,15,9,
190460,C. Eriksen,Christian Dannemann Eriksen,"CAM, LM",83,18.0,Tottenham Hotspur,English Premier League,1.0,75.0,9,14,7,7,6,
106573,Victor Valdés,Víctor Valdés Arribas,GK,82,11.0,Manchester United,English Premier League,1.0,,82,78,77,85,83,57.0
142784,P. Zabaleta,Pablo Javier Zabaleta Girod,RB,82,10.0,Manchester City,English Premier League,1.0,56.0,10,14,15,7,5,
172723,A. Begović,Asmir Begović,GK,82,5.0,Chelsea,English Premier League,1.0,,83,80,74,80,84,55.0
172871,J. Vertonghen,Jan Vertonghen,"CB, LB",82,18.0,Tottenham Hotspur,English Premier League,1.0,67.0,6,10,9,12,7,
177358,M. Schneiderlin,Morgan Schneiderlin,"CDM, CM",82,11.0,Manchester United,English Premier League,1.0,63.0,6,11,12,14,7,
180403,Willian,Willian Borges da Silva,"RM, CAM",82,5.0,Chelsea,English Premier League,1.0,74.0,14,12,13,7,13,
184111,C. Benteke,Christian Benteke Liolo,ST,82,9.0,Liverpool,English Premier League,1.0,81.0,14,5,12,8,5,
184432,Azpilicueta,César Azpilicueta Tanco,LB,82,5.0,Chelsea,English Premier League,1.0,56.0,13,9,10,6,5,
186561,A. Ramsey,Aaron Ramsey,"CM, RW, CDM",82,1.0,Arsenal,English Premier League,1.0,78.0,6,11,5,10,8,
201942,Roberto Firmino,Roberto Firmino Barbosa de Oliveira,"CAM, CF",82,9.0,Liverpool,English Premier League,1.0,76.0,8,11,9,6,10,
202652,R. Sterling,Raheem Sterling,"LM, ST, RM",82,10.0,Manchester City,English Premier League,1.0,71.0,15,12,12,15,9,
45119,Mikel Arteta,Mikel Arteta Amatriain,"CM, CDM",81,1.0,Arsenal,English Premier League,1.0,73.0,15,14,14,11,12,
53914,P. Jagielka,Phil Jagielka,CB,81,7.0,Everton,English Premier League,1.0,46.0,32,33,38,32,34,
134979,M. Demichelis,Martín Gastón Demichelis,CB,81,10.0,Manchester City,English Premier League,1.0,40.0,7,11,12,7,6,
163824,A. Williams,Ashley Williams,CB,81,1960.0,Swansea City,English Premier League,1.0,43.0,7,10,16,7,10,
164859,T. Walcott,Theo Walcott,"RM, ST",81,1.0,Arsenal,English Premier League,1.0,77.0,11,8,9,9,8,
166706,M. Škrtel,Martin Škrtel,CB,81,9.0,Liverpool,English Premier League,1.0,38.0,15,5,7,6,11,
171791,José Fonte,José Miguel da Rocha Fonte,CB,81,17.0,Southampton,English Premier League,1.0,35.0,7,11,16,10,6,
176993,Bojan,Bojan Krkíc Pérez,"CAM, ST, RW",81,1806.0,Stoke City,English Premier League,1.0,73.0,5,14,8,14,7,
177388,D. Payet,Dimitri Payet,"CAM, LM",81,19.0,West Ham United,English Premier League,1.0,76.0,11,15,9,14,12,
178509,O. Giroud,Olivier Giroud,ST,81,1.0,Arsenal,English Premier League,1.0,82.0,12,15,11,6,5,
179527,L. Rémy,Loïc Alex Teliére Hubert Rémy,ST,81,5.0,Chelsea,English Premier League,1.0,80.0,9,10,15,14,12,
180216,S. Coleman,Séamus Coleman,RB,81,7.0,Everton,English Premier League,1.0,68.0,5,15,10,13,7,
183285,M. Sakho,Mamadou Sakho,CB,81,9.0,Liverpool,English Premier League,1.0,33.0,14,12,9,7,8,
184087,T. Alderweireld,Toby Alderweireld,"CB, CDM, RB",81,18.0,Tottenham Hotspur,English Premier League,1.0,59.0,16,6,14,16,14,
184392,M. Darmian,Matteo Darmian,"RB, RWB, LWB",81,11.0,Manchester United,English Premier League,1.0,51.0,6,7,7,12,7,
189461,J. Wilshere,Jack Wilshere,"CM, CDM",81,1.0,Arsenal,English Premier League,1.0,69.0,6,15,15,9,11,
189963,W. Bony,Wilfried Guemiand Bony,ST,81,10.0,Manchester City,English Premier League,1.0,83.0,10,8,5,7,11,
190456,N. Clyne,Nathaniel Edwin Clyne,RB,81,9.0,Liverpool,English Premier League,1.0,61.0,10,11,13,15,7,
191740,Ander Herrera,Ander Herrera Agüera,"CM, CAM",81,11.0,Manchester United,English Premier League,1.0,70.0,9,12,15,9,8,
201862,M. Rojo,Faustino Marcos Alberto Rojo,"CB, LB",81,11.0,Manchester United,English Premier League,1.0,60.0,7,8,12,15,10,
202556,M. Depay,Memphis Depay,"LW, CAM",81,11.0,Manchester United,English Premier League,1.0,78.0,8,14,6,12,10,
8473,T. Rosický,Tomáš Rosický,"CAM, RM",80,1.0,Arsenal,English Premier League,1.0,70.0,14,11,6,11,13,
16254,T. Howard,Timothy Matthew Howard,GK,80,7.0,Everton,English Premier League,1.0,,82,76,77,81,82,49.0
21146,M. Carrick,Michael Carrick,"CM, CDM",80,11.0,Manchester United,English Premier League,1.0,68.0,13,12,11,15,9,
135507,Fernandinho,Fernando Luiz Rosa,"CM, CDM",80,10.0,Manchester City,English Premier League,1.0,75.0,12,11,5,13,7,
137677,M. Vorm,Michel Vorm,GK,80,18.0,Tottenham Hotspur,English Premier League,1.0,,83,75,77,79,84,58.0
138412,J. Milner,James Philip Milner,"CM, RM, LM",80,9.0,Liverpool,English Premier League,1.0,76.0,1,1,1,1,1,
146536,Jesús Navas,Jesús Navas González,RM,80,10.0,Manchester City,English Premier League,1.0,70.0,10,10,15,7,13,
152554,G. Clichy,Gaël Dimitri Clichy,LB,80,10.0,Manchester City,English Premier League,1.0,43.0,10,11,9,11,6,
152908,A. Young,Ashley Young,"LM, LWB",80,11.0,Manchester United,English Premier League,1.0,74.0,16,10,15,16,15,
158626,M. Debuchy,Mathieu Debuchy,RB,80,1.0,Arsenal,English Premier League,1.0,65.0,8,9,7,15,10,
158810,G. Inler,Gökhan İnler,"CDM, CM",80,95.0,Leicester City,English Premier League,1.0,71.0,11,14,6,10,5,
162240,M. Dembélé,Mousa Sidi Yaya Dembélé,"CM, CDM",80,18.0,Tottenham Hotspur,English Premier League,1.0,72.0,16,14,11,16,14,
169596,R. Shawcross,Ryan Shawcross,CB,80,1806.0,Stoke City,English Premier League,1.0,44.0,10,12,7,13,15,
172175,K. Mirallas,Kevin Mirallas,"LM, RM",80,7.0,Everton,English Premier League,1.0,77.0,8,10,14,13,15,
177604,Nacho Monreal,Ignacio Monreal Eraso,"LB, CB",80,1.0,Arsenal,English Premier League,1.0,53.0,7,5,9,3,5,
178372,B. Ivanović,Branislav Ivanović,RB,80,5.0,Chelsea,English Premier League,1.0,61.0,15,9,13,11,13,
180819,A. Lallana,Adam David Lallana,"CAM, RW, LM",80,9.0,Liverpool,English Premier League,1.0,72.0,6,15,14,8,11,
181291,G. Wijnaldum,Georginio Wijnaldum,"CAM, CM",80,13.0,Newcastle United,English Premier League,1.0,75.0,16,6,14,12,6,
184943,Ramires,Ramires Santos do Nascimento,"CDM, CM",80,5.0,Chelsea,English Premier League,1.0,69.0,12,6,9,12,9,
186115,K. Gibbs,Kieran Gibbs,LB,80,1.0,Arsenal,English Premier League,1.0,57.0,6,11,8,9,15,
188253,J. McCarthy,James Patrick McCarthy,"CDM, CM",80,7.0,Everton,English Premier League,1.0,67.0,12,11,8,10,13,
189250,S. Rondón,José Salomón Rondón Giménez,ST,80,109.0,West Bromwich Albion,English Premier League,1.0,78.0,13,13,7,5,14,
190531,E. Mangala,Eliaquim Mangala,CB,80,10.0,Manchester City,English Premier League,1.0,41.0,10,13,6,10,14,
190815,D. Blind,Daley Blind,"CDM, LB, CM",80,11.0,Manchester United,English Premier League,1.0,55.0,12,9,10,14,10,
192505,R. Lukaku,Romelu Lukaku Menama,ST,80,7.0,Everton,English Premier League,1.0,80.0,8,15,14,7,10,
193348,X. Shaqiri,Xherdan Shaqiri,"RM, CAM, LM",80,1806.0,Stoke City,English Premier League,1.0,77.0,13,12,12,11,11,
194957,P. Jones,Phil Jones,"CB, RB",80,11.0,Manchester United,English Premier League,1.0,56.0,10,8,6,16,11,
6826,G. Barry,Gareth Barry,CDM,79,7.0,Everton,English Premier League,1.0,65.0,7,13,9,7,12,
48745,F. Coloccini,Fabricio Coloccini,CB,79,13.0,Newcastle United,English Premier League,1.0,53.0,11,16,14,16,6,
50542,J. Defoe,Jermain Colin Defoe,ST,79,106.0,Sunderland,English Premier League,1.0,85.0,7,14,8,10,13,
157503,A. Song,Alexandre Dimitri Song-Billong,"CDM, CM",79,19.0,West Ham United,English Premier League,1.0,57.0,8,12,15,11,12,
163155,B. Foster,Ben Foster,GK,79,109.0,West Bromwich Albion,English Premier League,1.0,,81,78,73,77,84,49.0
163418,Y. Kaboul,Younès Kaboul,CB,79,106.0,Sunderland,English Premier League,1.0,44.0,9,14,7,9,6,
163419,B. Sagna,Bacary Sagna,RB,79,10.0,Manchester City,English Premier League,1.0,53.0,11,9,7,9,9,
167905,A. Valencia,Luis Antonio Valencia Mosquera,"RM, RB, RWB",79,11.0,Manchester United,English Premier League,1.0,68.0,16,11,10,7,7,
167943,Y. Cabaye,Yohan Cabaye,"CDM, CM",79,1799.0,Crystal Palace,English Premier League,1.0,76.0,14,9,16,8,12,
169721,M. Richards,Micah Richards,"CB, RB",79,2.0,Aston Villa,English Premier League,1.0,51.0,7,16,15,16,8,
170368,E. Lamela,Erik Lamela,"RM, CAM",79,18.0,Tottenham Hotspur,English Premier League,1.0,77.0,10,15,11,8,13,
170597,T. Krul,Tim Krul,GK,79,13.0,Newcastle United,English Premier League,1.0,,81,78,73,75,84,42.0
176266,Lucas Leiva,Lucas Pezzini Leiva,"CDM, CM",79,9.0,Liverpool,English Premier League,1.0,40.0,10,8,8,5,6,
176571,A. Ayew,André Ayew Pelé,"LM, CM",79,1960.0,Swansea City,English Premier League,1.0,73.0,10,6,12,7,15,
178416,J. Lens,Jeremain Marciano Lens,LW,79,106.0,Sunderland,English Premier League,1.0,76.0,16,16,14,15,6,
182945,M. Gradel,Max-Alain Gradel,"LW, RW, ST",79,1943.0,AFC Bournemouth,English Premier League,1.0,74.0,11,12,8,10,12,
183711,J. Henderson,Jordan Henderson,"CM, CDM, RM",79,9.0,Liverpool,English Premier League,1.0,70.0,7,13,7,9,13,
183855,A. Ogbonna,Angelo Obinze Ogbonna,CB,79,19.0,West Ham United,English Premier League,1.0,40.0,5,3,5,4,4,
185103,A. Kolarov,Aleksandar Kolarov,LB,79,10.0,Manchester City,English Premier League,1.0,69.0,16,15,8,16,6,
186146,D. Welbeck,Daniel Nii Tackie Mensah Welbeck,"ST, LM",79,1.0,Arsenal,English Premier League,1.0,76.0,9,10,6,12,16,
188377,K. Walker,Kyle Walker,RB,79,18.0,Tottenham Hotspur,English Premier League,1.0,63.0,12,6,16,15,8,
189881,C. Smalling,Chris Smalling,"CB, RB",79,11.0,Manchester United,English Premier League,1.0,26.0,10,15,16,15,15,
195086,D. Lovren,Dejan Lovren,CB,79,9.0,Liverpool,English Premier League,1.0,40.0,14,14,13,10,7,
198784,A. Oxlade-Chamberlain,Alex Oxlade-Chamberlain,"RM, RW",79,1.0,Arsenal,English Premier League,1.0,72.0,16,9,6,9,9,
199189,R. Barkley,Ross Barkley,"CAM, LM",79,7.0,Everton,English Premier League,1.0,72.0,9,14,12,6,10,
199434,D. Tadić,Dušan Tadić,"LM, RM, CAM",79,17.0,Southampton,English Premier League,1.0,69.0,11,11,14,9,16,
200529,N. Chadli,Nacer Chadli,"LM, LW",79,18.0,Tottenham Hotspur,English Premier League,1.0,76.0,12,11,12,10,13,
119152,K. Touré,Kolo Habib Touré,CB,78,9.0,Liverpool,English Premier League,1.0,61.0,7,12,8,14,15,
137785,R. Huth,Robert Huth,CB,78,95.0,Leicester City,English Premier League,1.0,54.0,9,16,10,15,9,
139062,W. Caballero,Wilfredo Daniel Caballero,GK,78,10.0,Manchester City,English Premier League,1.0,,80,72,69,81,82,52.0
157665,S. Dann,Scott Dann,CB,78,1799.0,Crystal Palace,English Premier League,1.0,37.0,6,10,15,7,9,
164505,B. Guzan,Bradley Guzan,GK,78,2.0,Aston Villa,English Premier League,1.0,,80,76,64,77,81,48.0
164835,Ł. Fabiański,Łukasz Fabiański,GK,78,1960.0,Swansea City,English Premier League,1.0,,77,80,73,78,84,48.0
165740,A. Johnson,Adam Johnson,"RM, LM",78,106.0,Sunderland,English Premier League,1.0,75.0,9,6,14,14,10,
169588,J. Evans,Jonathan Grant Evans,CB,78,109.0,West Bromwich Albion,English Premier League,1.0,32.0,12,16,16,15,8,
169705,R. Bertrand,Ryan Bertrand,LB,78,17.0,Southampton,English Premier League,1.0,46.0,11,13,15,10,15,
170783,C. Tioté,Cheik Ismaël Tioté,"CDM, CM",78,13.0,Newcastle United,English Premier League,1.0,57.0,6,6,12,9,9,
173426,S. Mignolet,Simon Luc Hildebert Mignolet,GK,78,9.0,Liverpool,English Premier League,1.0,,82,75,65,73,84,57.0
176285,W. Reid,Winston Wiremu Reid,CB,78,19.0,West Ham United,English Premier League,1.0,53.0,13,15,9,10,12,
176550,D. Ospina,David Ospina Ramírez,GK,78,1.0,Arsenal,English Premier League,1.0,,83,71,78,77,84,34.0
176944,M. Fellaini,Marouane Fellaini-Bakkioui,"CM, CDM",78,11.0,Manchester United,English Premier League,1.0,72.0,8,6,9,15,16,
177765,P. Cissé,Papiss Demba Cissé,ST,78,13.0,Newcastle United,English Premier League,1.0,80.0,8,10,12,13,12,
179544,Y. Mulumbu,Youssouf Chafiq Mulumbu Ngangu,"CDM, CM",78,1792.0,Norwich City,English Premier League,1.0,63.0,16,15,14,12,12,
179847,F. Fazio,Federico Julián Fazio,CB,78,18.0,Tottenham Hotspur,English Premier League,1.0,42.0,8,9,12,11,14,
182836,A. Carroll,Andy Carroll,ST,78,19.0,West Ham United,English Premier League,1.0,79.0,14,14,12,10,6,
183394,M. Sissoko,Moussa Sissoko,"CAM, CM, RM",78,13.0,Newcastle United,English Premier League,1.0,74.0,14,8,11,10,8,
183893,C. Yacob,Claudio Ariel Yacob,"CDM, CM",78,109.0,West Bromwich Albion,English Premier League,1.0,59.0,6,6,12,9,8,
184134,Fernando,Fernando Francisco Reges,"CDM, CM",78,10.0,Manchester City,English Premier League,1.0,61.0,1,1,1,1,1,
184200,M. Arnautović,Marko Arnautović,"LM, RM",78,1806.0,Stoke City,English Premier League,1.0,71.0,14,15,10,10,15,
184484,G. Sigurðsson,Gylfi Þór Sigurðsson,"CAM, LM",78,1960.0,Swansea City,English Premier League,1.0,80.0,13,8,10,15,12,
187052,Y. M'Vila,Yann Gérard M'Vila,"CDM, CM",78,106.0,Sunderland,English Premier League,1.0,60.0,13,9,16,15,7,
187084,M. Diouf,Mame Biram Diouf,"ST, RM",78,1806.0,Stoke City,English Premier League,1.0,77.0,1,1,1,1,1,
189271,F. Coquelin,Francis Coquelin,"CDM, CM",78,1.0,Arsenal,English Premier League,1.0,54.0,9,9,8,10,15,
194365,S. Okazaki,岡崎 慎司,ST,78,95.0,Leicester City,English Premier League,1.0,77.0,10,6,14,6,6,
194911,Adrián,Adrián San Miguel del Castillo,GK,78,19.0,West Ham United,English Premier League,1.0,,78,76,71,76,85,45.0
199422,J. Clasie,Jordy Clasie,CDM,78,17.0,Southampton,English Premier League,1.0,51.0,11,11,14,10,7,
201118,Cédric,Cédric Ricardo Alves Soares,RB,78,17.0,Southampton,English Premier League,1.0,68.0,11,14,12,12,11,
201305,Gabriel,Gabriel Armando de Abreu,CB,78,1.0,Arsenal,English Premier League,1.0,54.0,15,6,15,15,7,
201508,G. Ramírez,Gastón Exequiel Ramírez Pereyra,"CAM, RM",78,17.0,Southampton,English Premier League,1.0,75.0,14,15,7,7,8,
201988,F. Fernández,Federico Fernández,CB,78,1960.0,Swansea City,English Premier League,1.0,28.0,12,12,13,14,12,
202126,H. Kane,Harry Kane,"ST, CF",78,18.0,Tottenham Hotspur,English Premier League,1.0,78.0,8,10,11,14,11,
202477,Deulofeu,Gerard Deulofeu Lázaro,"RM, RW",78,7.0,Everton,English Premier League,1.0,69.0,12,16,14,11,11,
204550,V. Ibarbo,Segundo Víctor Ibarbo Guerrero,"RW, LW",78,1795.0,Watford,English Premier League,1.0,71.0,4,4,4,4,4,
205988,L. Shaw,Luke Shaw,LB,78,11.0,Manchester United,English Premier League,1.0,40.0,10,12,13,7,7,
208722,S. Mané,Sadio Mané,"CF, LM, LW, RM",78,17.0,Southampton,English Premier League,1.0,73.0,10,10,15,7,14,
209620,A. Baba,Abdul Rahman Baba,"LB, LM",78,5.0,Chelsea,English Premier League,1.0,50.0,12,11,6,11,10,
2147,M. Stekelenburg,Maarten Stekelenburg,GK,77,17.0,Southampton,English Premier League,1.0,,81,75,82,76,79,41.0
26992,S. Distin,Sylvain Distin,CB,77,1943.0,AFC Bournemouth,English Premier League,1.0,36.0,9,8,15,6,6,
45842,J. Olsson,Jonas Olsson,CB,77,109.0,West Bromwich Albion,English Premier League,1.0,56.0,9,12,16,14,11,
49212,J. Speroni,Julián Speroni,GK,77,1799.0,Crystal Palace,English Premier League,1.0,,80,72,71,74,82,43.0
50327,S. Pienaar,Steven Pienaar,LM,77,7.0,Everton,English Premier League,1.0,70.0,9,16,12,11,11,
137782,G. Johnson,Glen Johnson,"RB, LB",77,1806.0,Stoke City,English Premier League,1.0,65.0,13,7,7,6,7,
140415,L. Britton,Leon Britton,"CM, CDM",77,1960.0,Swansea City,English Premier League,1.0,53.0,10,16,7,7,15,
159145,B. Gomis,Bafétimbi Fredius Gomis,ST,77,1960.0,Swansea City,English Premier League,1.0,80.0,14,11,9,9,13,
163699,S. Sessègnon,Stéphane Sessègnon,"CAM, RM, LM",77,109.0,West Bromwich Albion,English Premier League,1.0,72.0,7,14,13,11,11,
164376,G. Pellè,Graziano Pellè,ST,77,17.0,Southampton,English Premier League,1.0,77.0,15,12,14,13,9,
164477,J. Mikel,John Obi Mikel,CDM,77,5.0,Chelsea,English Premier League,1.0,54.0,14,9,16,14,14,
169595,D. Rose,Danny Rose,LB,77,18.0,Tottenham Hotspur,English Premier League,1.0,62.0,10,11,8,13,13,
169607,L. Cattermole,Lee Cattermole,"CDM, CM",77,106.0,Sunderland,English Premier League,1.0,58.0,11,9,15,14,15,
169706,J. Cork,Jack Cork,"CDM, CM",77,1960.0,Swansea City,English Premier League,1.0,53.0,13,11,16,6,6,
169792,J. Rodriguez,Jay Rodriguez,"LM, ST",77,17.0,Southampton,English Premier League,1.0,77.0,12,12,16,14,9,
178213,E. Capoue,Etienne Capoue,"CDM, CB, CM",77,1795.0,Watford,English Premier League,1.0,63.0,12,11,11,14,12,
180283,Ki Sung Yueng,기성용 寄诚庸,"CM, CDM",77,1960.0,Swansea City,English Premier League,1.0,74.0,14,9,7,9,10,
182744,J. Holebas,José Holebas,"LB, LM",77,1795.0,Watford,English Premier League,1.0,70.0,15,13,13,14,16,
182882,C. Sánchez,Carlos Alberto Sánchez Moreno,"CDM, CM",77,2.0,Aston Villa,English Premier League,1.0,58.0,11,6,7,13,7,
183129,C. Clark,Ciaran Clark,CB,77,2.0,Aston Villa,English Premier League,1.0,56.0,14,7,12,14,12,
183427,F. Delph,Fabian Delph,"CM, CDM",77,10.0,Manchester City,English Premier League,1.0,69.0,10,9,14,11,6,
184716,J. Allen,Joseph Michael Allen,"CM, CDM",77,9.0,Liverpool,English Premier League,1.0,59.0,10,13,12,6,8,
186452,S. de Jong,Siem Stefan de Jong,"CAM, ST",77,13.0,Newcastle United,English Premier League,1.0,79.0,10,11,14,16,10,
186672,G. Cameron,Geoff Cameron,"CB, RB, CDM",77,1806.0,Stoke City,English Premier League,1.0,55.0,7,16,6,10,14,
186805,J. Montero,Jefferson Antonio Montero Vite,"LW, LM",77,1960.0,Swansea City,English Premier League,1.0,71.0,11,11,12,15,12,
188155,D. Janmaat,Daryl Janmaat,RB,77,13.0,Newcastle United,English Premier League,1.0,63.0,15,10,7,11,7,
188942,V. Wanyama,Victor Wanyama,"CDM, CM",77,17.0,Southampton,English Premier League,1.0,66.0,6,14,10,13,16,
189165,J. Shelvey,Jonjo Shelvey,"CM, CDM, CAM",77,1960.0,Swansea City,English Premier League,1.0,75.0,14,11,15,8,16,
189725,T. Cleverley,Tom Cleverley,"CM, CDM, CAM",77,7.0,Everton,English Premier League,1.0,69.0,15,11,9,12,13,
192667,A. Nyom,Allan-Roméo Nyom,RB,77,1795.0,Watford,English Premier League,1.0,47.0,12,8,9,9,14,
193504,S. Caulker,Steven Caulker,CB,77,17.0,Southampton,English Premier League,1.0,32.0,14,15,7,7,15,
198717,W. Zaha,Wilfried Zaha,"RW, RM, LM",77,1799.0,Crystal Palace,English Premier League,1.0,69.0,15,10,15,11,10,
203042,J. Butland,Jack Butland,GK,77,1806.0,Stoke City,English Premier League,1.0,,79,76,75,77,83,49.0
203574,J. Stones,John Stones,"CB, RB",77,7.0,Everton,English Premier League,1.0,36.0,7,15,11,10,8,
204163,J. Okore,Tetchi Jores Charlemagne Ulrich Okore,CB,77,2.0,Aston Villa,English Premier League,1.0,41.0,9,15,16,15,15,
204311,K. Zouma,Kurt Happy Zouma,"CB, RB",77,5.0,Chelsea,English Premier League,1.0,50.0,14,14,7,9,15,
205566,Alberto Moreno,Alberto Moreno Pérez,"LB, LM, LWB",77,9.0,Liverpool,English Premier League,1.0,66.0,10,14,9,10,11,
209997,K. Wimmer,Kevin Wimmer,CB,77,18.0,Tottenham Hotspur,English Premier League,1.0,27.0,13,10,15,12,11,
210897,C. Mbemba,Chancel Mbemba Mangulu,CB,77,13.0,Newcastle United,English Premier League,1.0,56.0,9,14,16,7,7,
51257,P. Crouch,Peter Crouch,ST,76,1806.0,Stoke City,English Premier League,1.0,76.0,13,14,7,10,14,
54051,W. Routledge,Wayne Routledge,"LM, LW",76,1960.0,Swansea City,English Premier League,1.0,66.0,15,11,8,10,15,
105846,A. Boruc,Artur Boruc,GK,76,1943.0,AFC Bournemouth,English Premier League,1.0,,82,72,62,74,83,44.0
122849,A. Koné,Arouna Koné,ST,76,7.0,Everton,English Premier League,1.0,75.0,10,6,7,12,7,
149791,W. Hoolahan,Wesley Hoolahan,"CAM, LM",76,1792.0,Norwich City,English Premier League,1.0,68.0,13,7,16,11,16,
151508,S. Davis,Steven Davis,"CM, RM",76,17.0,Southampton,English Premier League,1.0,61.0,9,7,13,9,11,
152879,M. Noble,Mark Noble,"CM, CDM",76,19.0,West Ham United,English Premier League,1.0,65.0,7,6,14,16,11,
153177,M. Zárate,Mauro Matías Zárate,"ST, CF",76,19.0,West Ham United,English Premier League,1.0,79.0,7,16,16,6,12,
153938,Àngel Rangel,Àngel Rangel Zaragoza,RB,76,1960.0,Swansea City,English Premier League,1.0,59.0,13,16,8,6,6,
155885,A. McGeady,Aiden John McGeady,"RM, RW",76,7.0,Everton,English Premier League,1.0,68.0,10,9,12,13,6,
156722,M. Flamini,Mathieu Flamini,"CDM, CM",76,1.0,Arsenal,English Premier League,1.0,65.0,7,12,6,6,7,
158372,I. Afellay,Ibrahim Afellay,"LM, CAM, CM",76,1806.0,Stoke City,English Premier League,1.0,74.0,14,7,10,12,8,
159034,S. Taylor,Steven Vincent Taylor,CB,76,13.0,Newcastle United,English Premier League,1.0,34.0,15,12,8,14,6,
161805,V. Behrami,Valon Behrami,"CDM, CM",76,1795.0,Watford,English Premier League,1.0,64.0,12,11,7,15,11,
163209,S. Naismith,Steven John Naismith,"CAM, RM, CF",76,7.0,Everton,English Premier League,1.0,74.0,12,11,8,9,16,
163587,K. Schmeichel,Kasper Peter Schmeichel,GK,76,95.0,Leicester City,English Premier League,1.0,,79,71,85,72,81,46.0
164769,S. Fletcher,Steven Fletcher,ST,76,106.0,Sunderland,English Premier League,1.0,75.0,13,10,13,16,9,
164876,Michu,Miguel Pérez Cuesta,"ST, CAM",76,1960.0,Swansea City,English Premier League,1.0,76.0,13,5,14,11,10,
169214,S. Sinclair,Scott Sinclair,"LW, LM",76,2.0,Aston Villa,English Premier League,1.0,72.0,13,11,10,13,15,
169590,D. Gibson,Darron Gibson,"CM, CDM",76,7.0,Everton,English Premier League,1.0,68.0,15,7,12,15,6,
170570,S. Ireland,Stephen Ireland,"CAM, CM",76,1806.0,Stoke City,English Premier League,1.0,68.0,16,9,10,11,14,
170770,José Enrique,José Enrique de la Sánchez Diaz,LB,76,9.0,Liverpool,English Premier League,1.0,53.0,15,16,15,15,13,
171972,J. McArthur,James McArthur,"CDM, CM",76,1799.0,Crystal Palace,English Premier League,1.0,60.0,1,1,1,1,1,
172203,F. Forster,Fraser Forster,GK,76,17.0,Southampton,English Premier League,1.0,,74,77,74,76,82,34.0
172962,V. Moses,Victor Moses,"LM, LW, RM",76,19.0,West Ham United,English Premier League,1.0,71.0,9,7,8,16,16,
173373,S. Romero,Sergio Germán Romero,GK,76,11.0,Manchester United,English Premier League,1.0,,76,67,81,73,82,43.0
173436,N. Dyer,Nathan Dyer,"RM, RW",76,95.0,Leicester City,English Premier League,1.0,74.0,12,11,14,8,16,
177578,S. Prödl,Sebastian Prödl,CB,76,1795.0,Watford,English Premier League,1.0,36.0,11,8,12,15,8,
181483,M. Jedinák,Mile Jedinák,"CDM, CM",76,1799.0,Crystal Palace,English Premier League,1.0,68.0,13,7,15,15,15,
183465,J. Rodwell,Jack Rodwell,CM,76,106.0,Sunderland,English Premier League,1.0,72.0,9,10,15,11,12,
184472,M. Olsson,Martin Tony Waikwa Olsson,LB,76,1792.0,Norwich City,English Premier League,1.0,62.0,11,9,7,9,12,
186345,K. Trippier,Kieran Trippier,RB,76,18.0,Tottenham Hotspur,English Premier League,1.0,56.0,11,14,8,11,10,
186392,J. Ward,Joel Ward,"RB, LB, CDM",76,1799.0,Crystal Palace,English Premier League,1.0,54.0,8,7,7,10,11,
188696,F. Tabanou,Franck Tabanou,"LB, LWB",76,1960.0,Swansea City,English Premier League,1.0,71.0,15,13,14,11,6,
188988,M. Lanzini,Manuel Lanzini,CAM,76,19.0,West Ham United,English Premier League,1.0,66.0,14,9,6,7,15,
189157,Y. Bolasie,Yannick Bolasie Yala,"LW, RW",76,1799.0,Crystal Palace,English Premier League,1.0,68.0,8,9,12,14,6,
192613,C. Pantilimon,Costel Fane Pantilimon,GK,76,106.0,Sunderland,English Premier League,1.0,,76,77,68,79,78,45.0
193475,P. Souaré,Pape N'Diaye Souaré,"LB, LM",76,1799.0,Crystal Palace,English Premier League,1.0,49.0,8,8,14,16,10,
193942,J. Colback,Jack Colback,"CDM, LB, CM",76,13.0,Newcastle United,English Premier League,1.0,59.0,6,6,6,10,7,
195859,D. Ings,Daniel William John Ings,ST,76,9.0,Liverpool,English Premier League,1.0,74.0,10,13,12,16,6,
197756,J. Ayew,Jordan Pierre Ayew,"ST, LM",76,2.0,Aston Villa,English Premier League,1.0,76.0,6,8,7,16,8,
198202,P. Wollscheid,Philipp Wollscheid,CB,76,1806.0,Stoke City,English Premier League,1.0,39.0,11,7,6,11,13,
201519,J. Veretout,Jordan Veretout,"CM, CDM, CAM",76,2.0,Aston Villa,English Premier League,1.0,73.0,9,10,11,8,9,
204289,S. Berahino,Saido Berahino,ST,76,109.0,West Bromwich Albion,English Premier League,1.0,78.0,7,11,14,10,15,
204713,J. Campbell,Joel Nathaniel Campbell Samuels,"RM, ST, CAM",76,1.0,Arsenal,English Premier League,1.0,72.0,8,15,14,15,14,
204970,F. Thauvin,Florian Tristan Mariano Thauvin,"RM, CAM, RW",76,13.0,Newcastle United,English Premier League,1.0,71.0,8,11,14,10,9,
205601,C. Atsu,Christian Atsu Twasam,"LW, CAM, RW",76,1943.0,AFC Bournemouth,English Premier League,1.0,67.0,13,12,12,10,9,
205923,B. Davies,Benjamin Thomas Davies,LB,76,18.0,Tottenham Hotspur,English Premier League,1.0,50.0,11,7,6,7,14,
213135,D. Origi,Divock Okoth Origi,"ST, LW, RW",76,9.0,Liverpool,English Premier League,1.0,74.0,15,13,16,11,15,
215716,A. Mitrović,Aleksandar Mitrović,ST,76,13.0,Newcastle United,English Premier League,1.0,78.0,15,12,6,7,13,
215914,N. Kanté,N'Golo Kanté,"CM, CDM",76,95.0,Leicester City,English Premier League,1.0,66.0,15,12,10,7,10,
220295,E. Valencia,Enner Remberto Valencia Lastra,ST,76,19.0,West Ham United,English Premier League,1.0,75.0,9,12,16,9,8,
2651,S. Given,Shay Given,GK,75,1806.0,Stoke City,English Premier League,1.0,,72,73,72,79,75,44.0
3484,J. O'Shea,John O'Shea,CB,75,106.0,Sunderland,English Premier League,1.0,33.0,9,14,13,10,14,
13130,W. Brown,Wes Brown,CB,75,106.0,Sunderland,English Premier League,1.0,30.0,15,13,16,9,12,
13879,R. Lambert,Rickie Lambert,ST,75,109.0,West Bromwich Albion,English Premier League,1.0,81.0,13,15,7,16,11,
19292,J. Collins,James Collins,CB,75,19.0,West Ham United,English Premier League,1.0,49.0,15,12,10,15,11,
109852,G. McAuley,Gareth McAuley,CB,75,109.0,West Bromwich Albion,English Premier League,1.0,43.0,6,11,12,10,13,
135451,Gomes,Heurelho da Silva Gomes,GK,75,1795.0,Watford,English Premier League,1.0,,81,67,62,74,81,51.0
137671,P. Odemwingie,Osazemwinde Peter Odemwingie,"RM, ST, LM",75,1806.0,Stoke City,English Premier League,1.0,77.0,15,7,15,8,16,
138782,D. Fletcher,Darren Fletcher,"CM, CDM",75,109.0,West Bromwich Albion,English Premier League,1.0,68.0,10,16,7,10,9,
152514,J. Puncheon,Jason David Ian Puncheon,"CAM, RM, LM",75,1799.0,Crystal Palace,English Premier League,1.0,75.0,13,13,14,16,12,
155976,C. Adam,Charles Graham Adam,"CM, CAM",75,1806.0,Stoke City,English Premier League,1.0,78.0,8,7,9,6,6,
156650,Y. Gouffran,Yoan Gouffran,"LM, RM",75,13.0,Newcastle United,English Premier League,1.0,74.0,16,8,13,9,10,
157310,S. Marveaux,Sylvain Marveaux,"CAM, ST, LW",75,13.0,Newcastle United,English Premier League,1.0,71.0,7,9,9,12,12,
158804,L. Osman,Leon Osman,"LM, CM, CAM",75,7.0,Everton,English Premier League,1.0,73.0,16,14,9,7,8,
159171,Jurado,José Manuel Jurado Marín,"LM, CAM, LW, CM",75,1795.0,Watford,English Premier League,1.0,77.0,11,15,7,6,13,
163303,G. Whelan,Glenn Whelan,"CDM, CM",75,1806.0,Stoke City,English Premier League,1.0,66.0,10,13,16,16,11,
163369,S. Pocognoli,Sébastien Pocognoli,LB,75,109.0,West Bromwich Albion,English Premier League,1.0,59.0,10,9,8,15,13,
163600,J. Ruddy,John Ruddy,GK,75,1792.0,Norwich City,English Premier League,1.0,,77,69,74,74,80,43.0
163925,A. Diamanti,Alessandro Diamanti,"CF, CAM",75,1795.0,Watford,English Premier League,1.0,71.0,14,7,10,14,11,
165191,C. Jerome,Cameron Jerome,ST,75,1792.0,Norwich City,English Premier League,1.0,75.0,13,16,16,16,13,
169216,S. Long,Shane Patrick Long,"ST, RM",75,17.0,Southampton,English Premier League,1.0,74.0,11,13,10,11,10,
172949,S. Bassong,Sébastien Aymar Bassong Nguena,CB,75,1792.0,Norwich City,English Premier League,1.0,35.0,10,9,11,8,6,
173608,Joselu,José Luis Sanmartín Mato,ST,75,1806.0,Stoke City,English Premier League,1.0,75.0,11,11,8,15,7,
176794,O. Toivonen,Ola Toivonen,ST,75,106.0,Sunderland,English Premier League,1.0,77.0,9,8,14,12,6,
178487,C. Gardner,Craig Gardner,"CM, CDM, RB",75,109.0,West Bromwich Albion,English Premier League,1.0,75.0,12,9,9,16,14,
179613,B. Sako,Bakary Sako,LM,75,1799.0,Crystal Palace,English Premier League,1.0,76.0,13,16,13,7,9,
183125,T. Deeney,Troy Deeney,ST,75,1795.0,Watford,English Premier League,1.0,78.0,10,11,16,12,15,
183288,Y. Benalouane,Yohan Benalouane,"CB, RB",75,95.0,Leicester City,English Premier League,1.0,39.0,14,13,9,14,15,
186801,C. Kouyaté,Cheikhou Kouyaté,"CDM, CM, CB",75,19.0,West Ham United,English Premier League,1.0,62.0,15,8,9,12,9,
189280,A. Westwood,Ashley Westwood,"CM, CDM",75,2.0,Aston Villa,English Premier League,1.0,52.0,10,13,13,7,8,
189324,A. McCarthy,Alex McCarthy,GK,75,1799.0,Crystal Palace,English Premier League,1.0,,79,73,61,74,81,57.0
189795,Éder,Éderzito António Macedo Lopes,ST,75,1960.0,Swansea City,English Premier League,1.0,74.0,14,9,6,15,12,
190683,R. Mason,Ryan Mason,"CM, CDM, CAM",75,18.0,Tottenham Hotspur,English Premier League,1.0,68.0,7,10,10,16,14,
192766,Marc Muniesa,Marc Muniesa Martínez,"CB, LB",75,1806.0,Stoke City,English Premier League,1.0,43.0,14,12,16,15,10,
193474,I. Gueye,Idrissa Gana Gueye,"CM, CDM",75,2.0,Aston Villa,English Premier League,1.0,60.0,8,6,8,12,13,
193554,D. Sakho,Diafra Sakho,ST,75,19.0,West Ham United,English Premier League,1.0,74.0,12,10,9,13,16,
194932,A. Townsend,Andros Townsend,"RM, LM",75,18.0,Tottenham Hotspur,English Premier League,1.0,72.0,13,11,11,11,13,
198198,Jordi Amat,Jordi Amat Maas,CB,75,1960.0,Swansea City,English Premier League,1.0,48.0,9,6,7,16,8,
199767,M. van Ginkel,Marco van Ginkel,CM,75,1806.0,Stoke City,English Premier League,1.0,71.0,7,11,13,13,14,
200260,S. Berghuis,Steven Berghuis,"RW, LW",75,1795.0,Watford,English Premier League,1.0,76.0,9,11,7,7,15,
200765,M. Bešić,Muhamed Bešić,"CDM, CB",75,7.0,Everton,English Premier League,1.0,50.0,14,7,13,7,12,
208333,E. Can,Emre Can,"CDM, CM, CB",75,9.0,Liverpool,English Premier League,1.0,64.0,14,8,8,13,11,
213296,N. Bentaleb,Nabil Bentaleb,"CM, CDM",75,18.0,Tottenham Hotspur,English Premier League,1.0,65.0,9,10,16,9,15,
219681,J. Amavi,Jordan Kévin Amavi,LB,75,2.0,Aston Villa,English Premier League,1.0,69.0,11,10,11,14,12,
29183,G. Tremmel,Gerhard Tremmel,GK,74,1960.0,Swansea City,English Premier League,1.0,,74,72,62,74,77,44.0
134906,M. Chamakh,Marouane Chamakh,"CAM, CF, ST",74,1799.0,Crystal Palace,English Premier League,1.0,76.0,11,12,15,14,9,
134941,S. Sidwell,Steve Sidwell,"CDM, CM",74,1806.0,Stoke City,English Premier League,1.0,70.0,11,10,9,8,10,
139313,C. Fuchs,Christian Fuchs,"LWB, LB, LM",74,95.0,Leicester City,English Premier League,1.0,69.0,14,12,15,16,13,
152567,A. Tettey,Alexander Banor Tettey,"CM, CDM",74,1792.0,Norwich City,English Premier League,1.0,69.0,22,22,28,24,23,
159577,D. Delaney,Damien Delaney,CB,74,1799.0,Crystal Palace,English Premier League,1.0,42.0,6,14,7,14,11,
162981,J. Morrison,James Morrison,"CM, CDM, RM",74,109.0,West Bromwich Albion,English Premier League,1.0,75.0,11,6,11,16,10,
163571,M. Jarvis,Matt Jarvis,"LM, RM",74,1792.0,Norwich City,English Premier League,1.0,63.0,9,8,8,8,6,
164459,S. Larsson,Sebastian Bengt Ulf Larsson,"CM, RM",74,106.0,Sunderland,English Premier League,1.0,76.0,7,11,14,14,8,
164978,C. N'Zogbia,Charles N'Zogbia,"CAM, LM, RM",74,2.0,Aston Villa,English Premier League,1.0,70.0,8,16,16,6,15,
165190,J. Ledley,Joe Ledley,"CM, CAM, CDM",74,1799.0,Crystal Palace,English Premier League,1.0,66.0,13,13,8,10,13,
166919,M. Wilson,Marc Wilson,"CB, LB, CDM",74,1806.0,Stoke City,English Premier League,1.0,57.0,13,6,14,7,9,
168293,M. Amalfitano,Morgan Amalfitano,"RM, CM",74,19.0,West Ham United,English Premier League,1.0,69.0,7,13,8,7,13,
169710,L. Bridcutt,Liam Robert Bridcutt,"CDM, CM",74,106.0,Sunderland,English Premier League,1.0,46.0,14,12,13,11,12,
171321,G. Dorrans,Graham Dorrans,"CM, RM",74,1792.0,Norwich City,English Premier League,1.0,70.0,7,6,11,6,11,
173735,N. Taylor,Neil Taylor,LB,74,1960.0,Swansea City,English Premier League,1.0,41.0,15,16,14,16,6,
178567,E. Pieters,Erik Pieters,LB,74,1806.0,Stoke City,English Premier League,1.0,40.0,16,15,8,12,10,
179547,V. Mannone,Vito Mannone,GK,74,106.0,Sunderland,English Premier League,1.0,,75,73,71,72,78,60.0
179574,G. Hooper,Gary Hooper,ST,74,1792.0,Norwich City,English Premier League,1.0,75.0,13,7,9,16,12,
183422,J. Howson,Jonathan Howson,"CM, RM",74,1792.0,Norwich City,English Premier League,1.0,71.0,16,9,12,11,12,
184037,M. Kelly,Martin Kelly,"RB, LB",74,1799.0,Crystal Palace,English Premier League,1.0,45.0,7,11,8,7,8,
186190,P. van Aanholt,Patrick John Miguel van Aanholt,LB,74,106.0,Sunderland,English Premier League,1.0,61.0,9,15,7,8,6,
186395,M. Ritchie,Matt Ritchie,"RM, LM",74,1943.0,AFC Bournemouth,English Premier League,1.0,71.0,15,8,11,14,13,
186598,K. Naughton,Kyle Naughton,"RB, LB",74,1960.0,Swansea City,English Premier League,1.0,52.0,12,10,9,9,11,
188871,L. Kozák,Libor Kozák,ST,74,2.0,Aston Villa,English Premier League,1.0,73.0,11,10,12,8,9,
189067,M. Britos,Miguel Ángel Britos Cabrera,CB,74,1795.0,Watford,English Premier League,1.0,34.0,12,13,11,10,11,
193768,A. Matthews,Adam James Matthews,RB,74,106.0,Sunderland,English Premier League,1.0,53.0,6,15,12,6,14,
195668,Joel Robles,Joel Robles Blázquez,GK,74,7.0,Everton,English Premier League,1.0,,76,74,75,74,75,51.0
196978,C. Wilson,Callum Wilson,ST,74,1943.0,AFC Bournemouth,English Premier League,1.0,73.0,10,15,8,10,6,
198489,J. McClean,James Joseph McClean,"LM, RM, LW, ST",74,109.0,West Bromwich Albion,English Premier League,1.0,67.0,6,16,16,15,15,
198553,C. Gamboa,Cristian Esteban Gamboa Luna,RB,74,109.0,West Bromwich Albion,English Premier League,1.0,54.0,12,10,13,7,14,
198719,N. Redmond,Nathan Redmond,"RM, LM",74,1792.0,Norwich City,English Premier League,1.0,67.0,12,14,16,6,10,
200054,Pedro Obiang,Pedro Mba Obiang Avomo,"CM, CDM",74,19.0,West Ham United,English Premier League,1.0,59.0,9,7,7,6,7,
200841,C. Jenkinson,Carl Jenkinson,RB,74,19.0,West Ham United,English Premier League,1.0,50.0,12,15,15,11,12,
202335,E. Dier,Eric Dier,"CB, RB, CDM",74,18.0,Tottenham Hotspur,English Premier League,1.0,59.0,11,14,6,13,9,
203747,Héctor Bellerín,Héctor Bellerín Moruno,RB,74,1.0,Arsenal,English Premier League,1.0,51.0,8,14,14,13,12,
203864,B. Zuculini,Bruno Zuculini,"CM, RM",74,10.0,Manchester City,English Premier League,1.0,70.0,12,9,12,9,13,
204210,F. Gardoş,Florin Gardoş,CB,74,17.0,Southampton,English Premier League,1.0,49.0,10,9,16,15,11,
204485,R. Mahrez,Riyad Mahrez,"RM, LM, CAM",74,95.0,Leicester City,English Premier League,1.0,70.0,15,9,13,11,6,
205185,Ilori,Tiago Abiola Delfim Almeida Ilori,CB,74,2.0,Aston Villa,English Premier League,1.0,38.0,7,10,7,11,15,
205569,J. Ward-Prowse,James Ward-Prowse,"CAM, CM, RM",74,17.0,Southampton,English Premier League,1.0,61.0,12,12,10,15,15,
207948,B. Traoré,Bertrand Isidore Traoré,"ST, RW",74,5.0,Chelsea,English Premier League,1.0,75.0,11,7,7,13,12,
210930,Carles Gil,Carles Gil de Pareja Vicent,"RM, CAM",74,2.0,Aston Villa,English Premier League,1.0,65.0,12,15,16,9,6,
217698,E. Belkalem,Essaïd Belkalem,CB,74,1795.0,Watford,English Premier League,1.0,35.0,15,10,9,14,6,
684,M. Schwarzer,Mark Schwarzer,GK,73,95.0,Leicester City,English Premier League,1.0,,70,73,67,78,71,48.0
46815,B. Hangeland,Brede Hangeland,CB,73,1799.0,Crystal Palace,English Premier League,1.0,41.0,8,14,10,9,14,
52306,C. Brunt,Chris Brunt,"LM, LB",73,109.0,West Bromwich Albion,English Premier League,1.0,72.0,11,13,6,16,7,
136113,W. Morgan,Wes Morgan,CB,73,95.0,Leicester City,English Premier League,1.0,30.0,14,10,6,7,8,
138698,A. Abdi,Almen Abdi,"CAM, CM",73,1795.0,Watford,English Premier League,1.0,67.0,9,6,8,11,8,
138784,K. Richardson,Kieran Richardson,"LM, LB",73,2.0,Aston Villa,English Premier League,1.0,72.0,6,9,10,13,7,
139533,A. Hutton,Alan Hutton,RB,73,2.0,Aston Villa,English Premier League,1.0,48.0,12,9,15,15,8,
152741,M. Williamson,Mike Williamson,CB,73,13.0,Newcastle United,English Premier League,1.0,36.0,10,12,7,8,10,
155355,Lee Chung Yong,이청용 李青龙,"RM, LM, CAM",73,1799.0,Crystal Palace,English Premier League,1.0,63.0,6,7,7,8,7,
162886,R. Martin,Russell Martin,"CB, RB",73,1792.0,Norwich City,English Premier League,1.0,56.0,8,7,11,16,16,
164469,G. Agbonlahor,Gabriel Imuetinyan Agbonlahor,"CF, ST",73,2.0,Aston Villa,English Premier League,1.0,74.0,12,6,11,7,9,
164853,A. Federici,Adam Federici,GK,73,1943.0,AFC Bournemouth,English Premier League,1.0,,75,69,82,70,75,48.0
165788,L. Ulloa,José Leonardo Ulloa,ST,73,95.0,Leicester City,English Premier League,1.0,72.0,13,8,8,16,11,
169527,V. Anichebe,Victor Chinedu Anichebe,ST,73,109.0,West Bromwich Albion,English Premier League,1.0,72.0,10,6,15,16,12,
170084,W. Hennessey,Wayne Robert Hennessey,GK,73,1799.0,Crystal Palace,English Premier League,1.0,,72,74,82,76,72,45.0
172768,A. Surman,Andrew Surman,CM,73,1943.0,AFC Bournemouth,English Premier League,1.0,64.0,16,14,7,16,8,
173546,J. Tomkins,James Tomkins,CB,73,19.0,West Ham United,English Premier League,1.0,33.0,11,8,6,9,14,
183940,V. Anita,Vurnon San Benito Anita,"CDM, CM",73,13.0,Newcastle United,English Premier League,1.0,54.0,12,12,10,14,15,
184469,H. Arter,Harry Nicholas Arter,"CM, CAM",73,1943.0,AFC Bournemouth,English Premier League,1.0,72.0,7,7,11,10,8,
184585,Á. Bogdán,Ádám Bogdán,GK,73,9.0,Liverpool,English Premier League,1.0,,77,71,66,71,78,54.0
187942,R. Gestede,Rudy Gestede,ST,73,2.0,Aston Villa,English Premier League,1.0,73.0,6,13,14,8,7,
189615,A. Cresswell,Aaron Cresswell,LB,73,19.0,West Ham United,English Premier League,1.0,56.0,14,7,9,9,12,
190852,C. McManaman,Callum Henry McManaman,"RW, ST, RM",73,109.0,West Bromwich Albion,English Premier League,1.0,65.0,10,13,15,14,10,
191089,C. Wickham,Connor Wickham,"ST, LM",73,1799.0,Crystal Palace,English Premier League,1.0,74.0,8,16,6,10,12,
191648,M. Yoshida,吉田 麻也,CB,73,17.0,Southampton,English Premier League,1.0,41.0,12,16,8,6,13,
198133,L. Bacuna,Leandro Jones Johan Bacuna,"RB, RM, CAM",73,2.0,Aston Villa,English Premier League,1.0,71.0,15,8,14,16,15,
199576,Oriol Romeu,Oriol Romeu Vidal,CDM,73,17.0,Southampton,English Premier League,1.0,38.0,12,14,10,11,16,
215590,Ayoze Pérez,Ayoze Pérez Gutiérrez,"ST, CAM",73,13.0,Newcastle United,English Premier League,1.0,72.0,12,12,11,14,8,
216354,A. Kramarić,Andrej Kramarić,"ST, LW, CAM",73,95.0,Leicester City,English Premier League,1.0,75.0,8,14,14,7,15,
27,J. Cole,Joe Cole,"RM, CAM",72,2.0,Aston Villa,English Premier League,1.0,69.0,9,6,13,16,7,
49966,P. Senderos,Philippe Senderos,CB,72,2.0,Aston Villa,English Premier League,1.0,37.0,15,16,15,10,11,
50620,T. Hibbert,Tony Hibbert,RB,72,7.0,Everton,English Premier League,1.0,20.0,15,16,13,16,9,
51261,B. Myhill,Glyn Oliver Myhill,GK,72,109.0,West Bromwich Albion,English Premier League,1.0,,75,71,69,70,78,44.0
135883,S. Francis,Simon Francis,RB,72,1943.0,AFC Bournemouth,English Premier League,1.0,43.0,12,6,10,8,12,
138722,B. Jones,Billy Jones,"RB, LB",72,106.0,Sunderland,English Premier League,1.0,55.0,6,11,14,12,15,
148569,M. Wasilewski,Marcin Ryszard Wasilewski,CB,72,95.0,Leicester City,English Premier League,1.0,56.0,6,16,14,7,6,
163261,P. Bardsley,Phil Bardsley,"RB, LB",72,1806.0,Stoke City,English Premier League,1.0,58.0,11,8,9,9,8,
169697,D. Randolph,Darren Randolph,GK,72,19.0,West Ham United,English Premier League,1.0,,75,70,75,69,75,43.0
175932,R. De Laet,Ritchie Ria Alfons De Laet,RB,72,95.0,Leicester City,English Premier League,1.0,44.0,13,14,14,12,13,
185195,O. Ighalo,Odion Jude Ighalo,ST,72,1795.0,Watford,English Premier League,1.0,71.0,9,11,13,16,8,
186130,J. Chester,James Chester,CB,72,109.0,West Bromwich Albion,English Premier League,1.0,34.0,11,12,12,14,13,
186132,D. Drinkwater,Daniel Noel Drinkwater,CM,72,95.0,Leicester City,English Premier League,1.0,65.0,12,6,8,9,12,
188289,E. Rivière,Emmanuel Rivière,ST,72,13.0,Newcastle United,English Premier League,1.0,72.0,9,10,16,10,16,
192129,K. Nordfeldt,Bo Kristoffer Nordfeldt,GK,72,1960.0,Swansea City,English Premier League,1.0,,73,66,66,74,78,53.0
193011,S. Cook,Steve Cook,CB,72,1943.0,AFC Bournemouth,English Premier League,1.0,24.0,14,12,7,14,12,
197655,S. Coates,Sebastián Coates Nión,CB,72,106.0,Sunderland,English Premier League,1.0,35.0,16,13,15,16,13,
201449,V. Roberge,Valentin Roberge,CB,72,106.0,Sunderland,English Premier League,1.0,35.0,6,8,13,9,15,
201955,M. Haïdara,Massadio Haïdara,LB,72,13.0,Newcastle United,English Premier League,1.0,51.0,10,13,14,8,16,
201999,J. Flanagan,Jonathon Patrick Flanagan,"RB, LB",72,9.0,Liverpool,English Premier League,1.0,39.0,7,13,15,13,15,
205989,C. Chambers,Calum Chambers,RB,72,1.0,Arsenal,English Premier League,1.0,51.0,11,14,12,7,12,
206517,J. Grealish,Jack Grealish,"LM, CAM",72,2.0,Aston Villa,English Premier League,1.0,56.0,11,6,11,10,13,
122574,S. Whittaker,Steven Gordon Whittaker,RB,71,1792.0,Norwich City,English Premier League,1.0,64.0,15,16,10,6,12,
138436,J. Walters,Jonathan Walters,"RM, ST",71,1806.0,Stoke City,English Premier League,1.0,71.0,8,14,7,10,6,
152469,K. Davis,Kelvin Davis,GK,71,17.0,Southampton,English Premier League,1.0,,74,68,55,70,75,48.0
160292,B. Watson,Benjamin Watson,"CM, CDM",71,1795.0,Watford,English Premier League,1.0,67.0,13,8,14,6,6,
162054,M. Bunn,Mark Bunn,GK,71,2.0,Aston Villa,English Premier League,1.0,,74,68,71,68,76,47.0
163340,D. Graham,Danny Graham,ST,71,106.0,Sunderland,English Premier League,1.0,73.0,11,8,14,13,7,
166838,M. Pugh,Marc Pugh,"LM, RM",71,1943.0,AFC Bournemouth,English Premier League,1.0,67.0,14,15,13,8,10,
167925,J. O'Brien,Joseph Martin O'Brien,"RB, LB",71,19.0,West Ham United,English Premier League,1.0,47.0,15,7,8,8,10,
169586,F. Campbell,Fraizer Campbell,ST,71,1799.0,Crystal Palace,English Premier League,1.0,70.0,11,15,9,9,16,
169600,D. Simpson,Danny Simpson,"RB, RWB",71,95.0,Leicester City,English Premier League,1.0,38.0,10,15,13,9,11,
169638,C. Daniels,Charlie Daniels,LB,71,1943.0,AFC Bournemouth,English Premier League,1.0,47.0,14,16,13,6,7,
170919,Jordi Gómez,Jordi Gómez García-Penche,"CM, CAM, RM",71,106.0,Sunderland,English Premier League,1.0,72.0,16,9,7,8,7,
172953,A. Mariappa,Adrian Mariappa,"RB, CB",71,1799.0,Crystal Palace,English Premier League,1.0,34.0,6,15,8,13,10,
180635,T. Elphick,Tommy Elphick,CB,71,1943.0,AFC Bournemouth,English Premier League,1.0,37.0,12,13,7,7,16,
180706,C. Cathcart,Craig George Cathcart,"CB, RB",71,1795.0,Watford,English Premier League,1.0,30.0,8,6,12,9,13,
183130,M. Albrighton,Marc Albrighton,"RM, RWB",71,95.0,Leicester City,English Premier League,1.0,68.0,15,9,8,15,14,
183774,R. Bennett,Ryan Bennett,CB,71,1792.0,Norwich City,English Premier League,1.0,25.0,6,16,12,8,12,
184749,D. Gosling,Dan Gosling,"CM, RM",71,1943.0,AFC Bournemouth,English Premier League,1.0,68.0,6,15,14,15,6,
186117,J. Mutch,Jordon Mutch,"CM, CAM",71,1799.0,Crystal Palace,English Premier League,1.0,70.0,11,13,13,11,8,
187150,W. Buckley,Will Buckley,"RM, RW, LW",71,106.0,Sunderland,English Premier League,1.0,68.0,10,10,8,6,9,
188625,J. Ekstrand,Joel Ekstrand,CB,71,1795.0,Watford,English Premier League,1.0,32.0,14,10,16,16,16,
198335,B. Oviedo,Bryan Josué Oviedo Jiménez,"LB, LM",71,7.0,Everton,English Premier League,1.0,61.0,11,12,8,10,16,
201908,A. Wisdom,Andre Wisdom,RB,71,1792.0,Norwich City,English Premier League,1.0,30.0,7,15,8,11,12,
202491,T. Carroll,Tom Carroll,"CM, CDM",71,18.0,Tottenham Hotspur,English Premier League,1.0,58.0,11,10,11,9,11,
205351,A. Pritchard,Alex David Pritchard,"CAM, CM, LM",71,18.0,Tottenham Hotspur,English Premier League,1.0,67.0,13,13,14,10,8,
205540,J. Ibe,Jordon Ibe,"LW, RW",71,9.0,Liverpool,English Premier League,1.0,65.0,13,15,7,13,13,
205670,D. Gayle,Dwight Gayle,ST,71,1799.0,Crystal Palace,English Premier League,1.0,72.0,10,7,16,8,8,
207448,J. Paredes,Juan Carlos Paredes Reasco,"RWB, RB",71,1795.0,Watford,English Premier League,1.0,47.0,16,15,7,14,15,
208830,J. Vardy,Jamie Vardy,ST,71,95.0,Leicester City,English Premier League,1.0,71.0,15,14,7,15,11,
213956,Adama,Adama Traoré Diarra,RW,71,2.0,Aston Villa,English Premier League,1.0,61.0,13,9,11,12,7,
222513,R. Aarons,Rolando Aarons,LM,71,13.0,Newcastle United,English Premier League,1.0,62.0,15,6,10,10,7,
166844,K. Lafferty,Kyle Joseph George Lafferty,"ST, LM",70,1792.0,Norwich City,English Premier League,1.0,69.0,11,6,8,11,15,
172685,Crespo,José Ángel Crespo Rincón,"CB, RB, LB",70,2.0,Aston Villa,English Premier League,1.0,39.0,13,5,11,5,11,
186578,A. King,Andrew Philip King,"CM, CAM",70,95.0,Leicester City,English Premier League,1.0,72.0,8,6,7,10,6,
190885,A. Smith,Adam Smith,"RB, RM",70,1943.0,AFC Bournemouth,English Premier League,1.0,53.0,8,9,15,9,6,
192297,G. Arlauskis,Giedrius Arlauskis,GK,70,1795.0,Watford,English Premier League,1.0,,70,64,70,72,77,34.0
197891,Juanmi,Juan Miguel Jiménez López,"CAM, ST, LM",70,17.0,Southampton,English Premier League,1.0,66.0,11,6,9,12,9,
206113,S. Gnabry,Serge David Gnabry,RM,70,109.0,West Bromwich Albion,English Premier League,1.0,60.0,14,10,10,9,7,
206534,P. Bamford,Patrick Bamford,"ST, RM",70,1799.0,Crystal Palace,English Premier League,1.0,69.0,9,7,11,6,16,
212419,T. Mings,Tyrone Mings,LB,70,1943.0,AFC Bournemouth,English Premier League,1.0,36.0,7,10,13,7,15,
212722,D. Yedlin,DeAndre Roselle Yedlin,RB,70,106.0,Sunderland,English Premier League,1.0,51.0,7,15,7,11,11,
215639,Kenedy,Robert Kenedy Nunes do Nascimento,ST,70,5.0,Chelsea,English Premier League,1.0,67.0,11,15,11,15,12,
167931,R. Elliot,Rob Elliot,GK,69,13.0,Newcastle United,English Premier League,1.0,,70,67,68,69,72,48.0
170353,Y. Kermorgant,Yann Kermorgant,"ST, CF",69,1943.0,AFC Bournemouth,English Premier League,1.0,72.0,14,16,14,10,6,
172960,L. Grabban,Lewis Grabban,ST,69,1792.0,Norwich City,English Premier League,1.0,70.0,10,15,12,12,11,
178033,G. Obertan,Gabriel Antoine Obertan,"RM, LM",69,13.0,Newcastle United,English Premier League,1.0,61.0,13,6,16,12,9,
185422,J. King,Joshua Christian Kojo King,"LM, RM, ST",69,1943.0,AFC Bournemouth,English Premier League,1.0,65.0,12,9,11,12,7,
186139,M. James,Matty James,CM,69,95.0,Leicester City,English Premier League,1.0,60.0,7,10,15,8,14,
186158,K. Bartley,Kyle Bartley,CB,69,1960.0,Swansea City,English Premier League,1.0,27.0,6,10,14,10,7,
186595,E. Bennett,Elliott Bennett,"RM, LM",69,1792.0,Norwich City,English Premier League,1.0,64.0,8,13,8,10,8,
200759,J. Schlupp,Jeffrey Schlupp,"LWB, LB, LM",69,95.0,Leicester City,English Premier League,1.0,60.0,9,7,8,10,9,
200957,C. Mavrias,Charalampos Mavrias,"RM, CAM, LM",69,106.0,Sunderland,English Premier League,1.0,63.0,7,9,10,16,12,
201093,N. Powell,Nick Powell,"CAM, ST",69,11.0,Manchester United,English Premier League,1.0,69.0,15,13,7,14,12,
201884,R. Brady,Robbie Brady,"LWB, LM, LB",69,1792.0,Norwich City,English Premier League,1.0,64.0,12,8,13,7,7,
203464,T. Hoban,Thomas Michael Hoban,CB,69,1795.0,Watford,English Premier League,1.0,37.0,12,12,15,9,12,
204355,P. Dummett,Paul Dummett,"LB, CB",69,13.0,Newcastle United,English Premier League,1.0,40.0,15,11,13,11,13,
204519,C. Martina,Rhu-endly Aurelio Jean-Carlo Martina,"RB, CB",69,17.0,Southampton,English Premier League,1.0,53.0,13,14,14,14,12,
207494,J. Lingard,Jesse Lingard,"CAM, LM",69,11.0,Manchester United,English Premier League,1.0,62.0,14,10,8,13,9,
208920,N. Aké,Nathan Aké,"LB, CB, CDM",69,1795.0,Watford,English Premier League,1.0,49.0,10,7,7,16,10,
211117,D. Alli,Bamidele Alli,"CM, CDM, CAM",69,18.0,Tottenham Hotspur,English Premier League,1.0,65.0,7,6,9,11,8,
212273,C. N'Jié,Clinton Mua N'Jie,"ST, RW",69,18.0,Tottenham Hotspur,English Premier League,1.0,68.0,13,10,9,9,11,
53593,G. O'Neil,Gary O'Neil,"CM, CDM, RM",68,1792.0,Norwich City,English Premier League,1.0,65.0,12,8,15,8,14,
53759,L. Doyley,Lloyd Doyley,"CB, RB",68,1795.0,Watford,English Premier League,1.0,32.0,8,11,11,13,7,
120018,D. Hammond,Dean Hammond,"CM, CDM",68,95.0,Leicester City,English Premier League,1.0,59.0,8,11,15,15,10,
138353,P. McCarthy,Patrick McCarthy,CB,68,1799.0,Crystal Palace,English Premier League,1.0,40.0,15,16,6,10,8,
172904,L. Tomlin,Lee Tomlin,"CAM, ST",68,1943.0,AFC Bournemouth,English Premier League,1.0,72.0,9,12,13,12,11,
176801,M. Emnes,Marvin Emnes,"ST, CAM",68,1960.0,Swansea City,English Premier League,1.0,66.0,12,12,7,11,10,
190430,J. Bennett,Joe Bennett,LB,68,1943.0,AFC Bournemouth,English Premier League,1.0,41.0,9,8,11,7,14,
193331,K. Darlow,Karl Darlow,GK,68,13.0,Newcastle United,English Premier League,1.0,,70,68,62,63,74,55.0
197953,E. O'Kane,Eunan O'Kane,"CM, CDM",68,1943.0,AFC Bournemouth,English Premier League,1.0,52.0,13,9,13,12,10,
203487,J. Lascelles,Jamaal Lascelles,CB,68,13.0,Newcastle United,English Premier League,1.0,27.0,10,15,7,10,15,
188657,D. Rudd,Declan Rudd,GK,67,1792.0,Norwich City,English Premier League,1.0,,72,66,65,63,70,50.0
201208,D. Henry,Doneil Jor-Dee Ashley Henry,"CB, RB",67,19.0,West Ham United,English Premier League,1.0,46.0,8,10,10,11,15,
205990,H. Reed,Harrison Reed,CDM,67,17.0,Southampton,English Premier League,1.0,51.0,7,12,14,10,11,
210377,Teixeira,João Carlos Vilaça Teixeira,CAM,67,9.0,Liverpool,English Premier League,1.0,63.0,14,16,14,15,16,
225100,J. Gomez,Joe Gomez,"LB, CB, RB",67,9.0,Liverpool,English Premier League,1.0,30.0,8,13,14,7,7,
225719,K. Iheanacho,Kelechi Promise Iheanacho,ST,67,10.0,Manchester City,English Premier League,1.0,68.0,8,7,7,11,15,
138279,L. Dyer,Lloyd Dyer,"LM, LW",66,1795.0,Watford,English Premier League,1.0,51.0,8,8,7,5,10,
169100,I. Anya,Ikechi Anya,"LWB, RWB, CAM",66,1795.0,Watford,English Premier League,1.0,61.0,9,15,6,16,13,
170879,S. MacDonald,Shaun Benjamin MacDonald,"CM, CDM",66,1943.0,AFC Bournemouth,English Premier League,1.0,58.0,8,10,11,9,16,
189446,J. Stanislas,Junior Stanislas,"LM, RM",66,1943.0,AFC Bournemouth,English Premier League,1.0,62.0,13,8,6,7,6,
194806,C. Dawson,Craig Dawson,"RB, CB",66,109.0,West Bromwich Albion,English Premier League,1.0,43.0,7,8,7,7,5,
200741,T. Browning,蒋光太,"CB, RB",66,7.0,Everton,English Premier League,1.0,34.0,10,13,7,9,12,
203331,L. Isgrove,Lloyd Jeffrey Isgrove,"RM, LM",66,17.0,Southampton,English Premier League,1.0,51.0,9,11,7,12,9,
206126,T. Rantie,Tokelo Anthony Rantie,ST,66,1943.0,AFC Bournemouth,English Premier League,1.0,63.0,10,11,16,15,14,
208450,A. Pereira,Andreas Hugo Hoelgebaum Pereira,"CAM, CM",66,11.0,Manchester United,English Premier League,1.0,58.0,15,14,7,10,7,
213642,J. Wilson,James Anthony Wilson,ST,66,11.0,Manchester United,English Premier League,1.0,65.0,9,15,14,8,16,
218659,M. Targett,Matt Targett,LB,66,17.0,Southampton,English Premier League,1.0,37.0,10,15,8,11,14,
222079,J. Onomah,Josh Onomah,CAM,66,18.0,Tottenham Hotspur,English Premier League,1.0,56.0,6,13,12,9,10,
192320,G. Gardner,Gary Gardner,"CDM, CM",65,2.0,Aston Villa,English Premier League,1.0,70.0,11,12,12,9,15,
197932,K. Appiah,Kwesi Appiah,ST,65,1799.0,Crystal Palace,English Premier League,1.0,62.0,8,6,13,10,6,
200780,G. Bigirimana,Gaël Bigirimana,"CM, CDM",65,13.0,Newcastle United,English Premier League,1.0,53.0,7,15,10,12,12,
205186,P. Gazzaniga,Paulo Dino Gazzaniga,GK,65,17.0,Southampton,English Premier League,1.0,,69,59,84,57,72,59.0
206086,H. Toffolo,Harry Toffolo,"LB, LWB",65,1792.0,Norwich City,English Premier League,1.0,44.0,12,15,15,13,13,
206489,E. Fryers,Ezekiel David Fryers,"LB, CB",65,1799.0,Crystal Palace,English Premier League,1.0,37.0,7,14,14,6,11,
209852,B. Galloway,Brendan Joel Zibusiso Galloway,"LB, CB",65,7.0,Everton,English Premier League,1.0,37.0,6,14,9,8,8,
213697,P. McNair,Patrick James Coleman McNair,CB,65,11.0,Manchester United,English Premier League,1.0,39.0,14,8,11,8,14,
221350,T. Ambrose,Thierry Ambrose,"ST, RW",65,10.0,Manchester City,English Premier League,1.0,63.0,9,11,16,11,7,
221982,P. Roberts,Patrick Roberts,RM,65,10.0,Manchester City,English Premier League,1.0,56.0,12,7,8,7,12,
220185,B. Barker,Brandon Lee Colin Barker,LM,64,10.0,Manchester City,English Premier League,1.0,61.0,11,6,8,9,7,
225441,K. Palmer,Kasey Palmer,"CAM, RM",64,5.0,Chelsea,English Premier League,1.0,54.0,7,16,9,11,16,
50660,R. Wright,Richard Wright,GK,63,10.0,Manchester City,English Premier League,1.0,,68,62,66,58,62,31.0
199812,R. Allsop,Ryan Allsop,GK,63,1943.0,AFC Bournemouth,English Premier League,1.0,,64,58,65,60,67,42.0
203224,C. Good,Curtis Edward Good,"CB, LB",63,13.0,Newcastle United,English Premier League,1.0,35.0,10,8,7,14,8,
206075,S. Johnstone,Sam Johnstone,GK,63,11.0,Manchester United,English Premier League,1.0,,69,56,53,60,72,35.0
213666,R. Loftus-Cheek,Ruben Loftus-Cheek,CM,63,5.0,Chelsea,English Premier League,1.0,44.0,11,7,12,15,13,
216791,M. Pennington,Matthew Pennington,"CB, RB",63,7.0,Everton,English Premier League,1.0,33.0,12,12,7,12,11,
219172,M. Cain,Michael Cain,CM,63,95.0,Leicester City,English Premier League,1.0,58.0,9,16,15,12,15,
219914,G. Varela,Guillermo Varela Olivera,RB,63,11.0,Manchester United,English Premier League,1.0,33.0,13,9,15,15,14,
221890,J. Fulton,Jay Fulton,CM,63,1960.0,Swansea City,English Premier League,1.0,54.0,11,11,8,11,7,
221909,J. Staněk,Jindřich Staněk,GK,63,7.0,Everton,English Premier League,1.0,,58,66,69,63,66,42.0
222528,L. Gooch,Lynden Jack Gooch,"CAM, CM",63,106.0,Sunderland,English Premier League,1.0,56.0,13,13,11,14,8,
230033,D. Lewis,Dennon Elliot Lewis,"LW, RW, ST",63,1795.0,Watford,English Premier League,1.0,66.0,6,10,9,11,15,
186238,J. Kean,Jacob Kendall Kean,GK,62,1792.0,Norwich City,English Premier League,1.0,,63,55,46,64,66,45.0
202886,B. Siegrist,Benjamin Kevin Siegrist,GK,62,2.0,Aston Villa,English Premier League,1.0,,66,64,70,62,56,36.0
204291,A. Nabi,Adil Nabi,ST,62,109.0,West Bromwich Albion,English Premier League,1.0,60.0,15,16,9,15,9,
211506,J. Swift,John Swift,"CM, ST",62,5.0,Chelsea,English Premier League,1.0,59.0,14,7,10,7,9,
212118,M. Grimes,Matthew Grimes,CM,62,1960.0,Swansea City,English Premier League,1.0,56.0,16,15,6,7,15,
213900,R. Seager,Ryan Paul Seager,ST,62,17.0,Southampton,English Premier League,1.0,64.0,7,9,8,16,6,
215211,B. Cargill,Baily James Cargill,"CB, LB",62,1943.0,AFC Bournemouth,English Premier League,1.0,29.0,7,7,9,13,9,
216268,D. Watmore,Duncan Watmore,"RW, ST",62,106.0,Sunderland,English Premier League,1.0,62.0,6,15,8,14,15,
222922,J. Hesketh,Jake Alexander Hesketh,CAM,62,17.0,Southampton,English Premier League,1.0,47.0,13,11,10,10,12,
223992,Dionatan Teixeira,Dionatan do Nascimento Teixeira,CB,62,1806.0,Stoke City,English Premier League,1.0,32.0,11,7,14,6,13,
225946,O. Shenton,Oliver Gregory Shenton,CM,62,1806.0,Stoke City,English Premier League,1.0,54.0,13,9,8,8,7,
226822,C. Roberts,Callum Roberts,CF,62,13.0,Newcastle United,English Premier League,1.0,62.0,13,7,15,10,14,
228509,J. Reine-Adelaïde,Jeff Reine-Adélaïde,CAM,62,1.0,Arsenal,English Premier League,1.0,48.0,10,15,11,16,8,
203831,J. Loza,Jamar Kasheef Loza,ST,61,1792.0,Norwich City,English Premier League,1.0,56.0,12,7,12,8,16,
204233,C. Musonda,Charly Musonda Junior,CAM,61,5.0,Chelsea,English Premier League,1.0,52.0,6,6,7,8,9,
207633,J. Haugaard,Jakob Let Haugaard,GK,61,1806.0,Stoke City,English Premier League,1.0,,63,56,57,61,64,46.0
211595,G. Evans,George Evans,"CM, CDM, CB",61,10.0,Manchester City,English Premier League,1.0,50.0,10,9,15,13,14,
216470,G. Zabret,Gregor Zabret,GK,61,1960.0,Swansea City,English Premier League,1.0,,68,57,55,58,66,45.0
218661,J. Flannigan,Jake Flannigan,CM,61,17.0,Southampton,English Premier League,1.0,55.0,7,9,9,14,10,
221354,M. Veljkovic,Miloš Veljković,"CB, CDM",61,18.0,Tottenham Hotspur,English Premier League,1.0,28.0,15,7,15,11,11,
221358,J. Rossiter,Jordan Bernard Rossiter,CM,61,9.0,Liverpool,English Premier League,1.0,47.0,6,7,11,13,9,
222836,R. Ledson,Ryan Ledson,"CM, CAM",61,7.0,Everton,English Premier League,1.0,48.0,14,16,16,8,11,
223264,S. Hendrie,Stephen Hendrie,LB,61,19.0,West Ham United,English Premier League,1.0,31.0,9,6,8,11,13,
223372,Moha,Mohamed El Ouriachi,LW,61,1806.0,Stoke City,English Premier League,1.0,57.0,11,14,11,10,12,
223978,Manu García,Manuel García Alonso,CAM,61,10.0,Manchester City,English Premier League,1.0,55.0,15,14,12,12,12,
224763,K. Bielik,Krystian Bielik,CDM,61,1.0,Arsenal,English Premier League,1.0,43.0,15,7,12,8,8,
225024,M. Holgate,Mason Holgate,RB,61,7.0,Everton,English Premier League,1.0,42.0,13,12,9,8,16,
228814,A. Green,Andre Jay Green,LM,61,2.0,Aston Villa,English Premier League,1.0,57.0,7,11,9,10,12,
229984,B. Chilwell,Ben Chilwell,"LB, CB",61,95.0,Leicester City,English Premier League,1.0,32.0,10,7,14,7,10,
230847,Z. Elbouzedi,Zachary Elbouzedi,CAM,61,109.0,West Bromwich Albion,English Premier League,1.0,55.0,6,11,13,10,7,
230876,M. Butcher,Matthew David Butcher,CB,61,1943.0,AFC Bournemouth,English Premier League,1.0,35.0,15,6,7,7,12,
230895,A. Wright,Andre Antonio Wright,ST,61,109.0,West Bromwich Albion,English Premier League,1.0,65.0,12,9,14,5,6,
204785,M. Mandron,Mikaël Yann Mathieu Mandron,ST,60,106.0,Sunderland,English Premier League,1.0,61.0,14,10,13,15,8,
211928,D. Gape,Dominic Edward Gape,CM,60,17.0,Southampton,English Premier League,1.0,46.0,11,16,11,15,8,
212228,I. Toney,Ivan Toney,ST,60,13.0,Newcastle United,English Premier League,1.0,53.0,16,8,8,7,8,
213698,J. Barmby,Jack Barmby,"CAM, LWB",60,95.0,Leicester City,English Premier League,1.0,60.0,7,13,15,10,15,
215864,J. Dodoo,Joe Dodoo,"ST, RM",60,95.0,Leicester City,English Premier League,1.0,58.0,8,14,7,15,10,
220940,C. Brannagan,Cameron Mark Thomas Brannagan,"CAM, CM, RW",60,9.0,Liverpool,English Premier League,1.0,46.0,12,7,8,8,12,
221346,M. Samuelsen,Martin Samuelsen,"RM, CAM",60,19.0,West Ham United,English Premier League,1.0,45.0,6,14,14,11,14,
224525,J. Sellars,Jerrell Anthony Sellars,"LM, ST",60,2.0,Aston Villa,English Premier League,1.0,63.0,11,14,13,14,11,
224656,O. Aina,Temitayo Olufisayo Olaoluwa Aina,RB,60,5.0,Chelsea,English Premier League,1.0,35.0,7,14,10,10,9,
198414,R. Spiegel,Raphael Simon Spiegel,GK,59,19.0,West Ham United,English Premier League,1.0,,59,58,57,58,63,58.0
200385,L. Lucas,Lee Lucas,CM,59,1960.0,Swansea City,English Premier League,1.0,51.0,7,7,10,11,9,
204846,J. Blackman,Jamal Blackman,GK,59,5.0,Chelsea,English Premier League,1.0,,67,49,60,55,66,46.0
209258,R. Hanley,Raheem Hanley,LB,59,1960.0,Swansea City,English Premier League,1.0,35.0,14,12,11,12,10,
210108,E. Lee,Elliott Lee,ST,59,19.0,West Ham United,English Premier League,1.0,61.0,14,8,15,14,9,
211201,L. Chambers,Leo Chambers,"CB, RB",59,19.0,West Ham United,English Premier League,1.0,28.0,10,12,6,11,8,
211421,J. Loveridge,James Loveridge,ST,59,1960.0,Swansea City,English Premier League,1.0,58.0,13,9,11,8,9,
215371,C. Jones,Callam Jones,CB,59,109.0,West Bromwich Albion,English Premier League,1.0,33.0,13,10,15,15,6,
215756,S. McQueen,Sam McQueen,LM,59,17.0,Southampton,English Premier League,1.0,57.0,12,12,12,7,9,
222400,H. Winks,Harry Winks,"CM, RM, CAM",59,18.0,Tottenham Hotspur,English Premier League,1.0,54.0,8,11,14,13,10,
222864,J. Rose,Jack Joseph Rose,GK,59,109.0,West Bromwich Albion,English Premier League,1.0,,66,54,53,55,62,42.0
223917,S. Nabi,Samir Nabi,CM,59,109.0,West Bromwich Albion,English Premier League,1.0,55.0,14,7,14,7,10,
224129,T. Moore,Tafari Lalibela Moore,RB,59,1.0,Arsenal,English Premier League,1.0,32.0,16,14,9,7,10,
224834,T. Robson,Thomas Robson,LB,59,106.0,Sunderland,English Premier League,1.0,34.0,10,12,9,13,10,
212366,J. Sheehan,Joshua Luke Sheehan,CM,58,1960.0,Swansea City,English Premier League,1.0,45.0,15,16,11,10,12,
213416,K. McEvoy,Kenneth McEvoy,"LM, CAM",58,18.0,Tottenham Hotspur,English Premier League,1.0,49.0,7,12,10,12,8,
216270,G. Honeyman,George Honeyman,CAM,58,106.0,Sunderland,English Premier League,1.0,51.0,11,15,16,10,8,
218646,M. Smith,Martin Smith,"CM, CAM",58,106.0,Sunderland,English Premier League,1.0,56.0,8,6,16,7,13,
220488,F. Costa,Filippo Costa,LB,58,1943.0,AFC Bournemouth,English Premier League,1.0,28.0,15,10,12,7,6,
222527,L. Agnew,Liam Agnew,CM,58,106.0,Sunderland,English Premier League,1.0,52.0,11,12,11,13,15,
222576,Julio Pleguezuelo,Julio José Pleguezuelo Selva,RB,58,1.0,Arsenal,English Premier League,1.0,35.0,14,15,8,11,9,
225361,L. McGee,Luke Paul McGee,GK,58,18.0,Tottenham Hotspur,English Premier League,1.0,,67,51,56,50,65,47.0
225387,L. Page,Lewis Robert Page,LB,58,19.0,West Ham United,English Premier League,1.0,36.0,11,15,9,7,10,
227542,S. El-Fitouri,Sadiq El-Fitouri,RB,58,11.0,Manchester United,English Premier League,1.0,34.0,15,8,10,10,9,
230828,O. Borg,Oscar Francis Borg,"LM, LB, RM",58,19.0,West Ham United,English Premier League,1.0,46.0,12,14,13,6,14,
175603,R. Gilmartin,Rene Gilmartin,GK,57,1795.0,Watford,English Premier League,1.0,,67,51,54,52,61,53.0
212063,A. Gafaiti,Adel Gafaiti,CB,57,1792.0,Norwich City,English Premier League,1.0,26.0,15,14,12,6,7,
213149,C. King,Cameron Mark King,"CAM, LM",57,1792.0,Norwich City,English Premier League,1.0,52.0,13,6,8,13,13,
222255,R. Huddart,Ryan Huddart,GK,57,1.0,Arsenal,English Premier League,1.0,,63,55,55,49,60,40.0
225279,C. McGrandles,Conor McGrandles,"CM, LM, RM",57,1792.0,Norwich City,English Premier League,1.0,55.0,15,13,8,10,15,
228151,J. Cullen,Joshua Jon Cullen,CM,57,19.0,West Ham United,English Premier League,1.0,47.0,9,12,15,11,9,
228332,H. Choudhury,Hamza Choudhury,CM,57,95.0,Leicester City,English Premier League,1.0,44.0,9,14,8,10,11,
229930,K. Knoyle,Kyle Knoyle,RB,57,19.0,West Ham United,English Premier League,1.0,24.0,14,9,13,11,7,
208291,R. Allassani,Reise Allassani,"LM, CAM",56,1799.0,Crystal Palace,English Premier League,1.0,47.0,8,12,12,7,15,
222422,A. Jakubiak,Alexander Louis Jakubiak,ST,56,1795.0,Watford,English Premier League,1.0,55.0,7,13,6,12,8,
225364,W. Miller,William Miller,CAM,56,18.0,Tottenham Hotspur,English Premier League,1.0,45.0,10,7,10,9,10,
226047,K. Bailey,Kyle Bailey,ST,56,95.0,Leicester City,English Premier League,1.0,56.0,14,11,6,9,12,
213655,A. Iwobi,Alex Iwobi,"CF, RW, LW",55,1.0,Arsenal,English Premier League,1.0,49.0,14,7,12,14,11,
213673,A. Kiwomya,Andrew Alexander Kiwomya,"RM, CAM",55,5.0,Chelsea,English Premier League,1.0,52.0,6,16,8,11,16,
215398,A. Sesay,Alie Sesay,"CB, RB",55,95.0,Leicester City,English Premier League,1.0,25.0,8,14,12,13,9,
225365,E. Sonupe,Emmanuel Olukolade Sonupe,"RM, LM",55,18.0,Tottenham Hotspur,English Premier League,1.0,48.0,8,14,7,15,13,
226048,B. Fox,Brandon Fox,ST,55,95.0,Leicester City,English Premier League,1.0,53.0,9,8,13,10,12,
213677,B. Killip,Ben Killip,GK,54,1792.0,Norwich City,English Premier League,1.0,,55,52,54,52,57,43.0
223909,A. Palmer,Alex Palmer,GK,54,109.0,West Bromwich Albion,English Premier League,1.0,,62,49,58,50,57,32.0
225773,S. O'Connor,Stefan O'Connor,CB,54,1.0,Arsenal,English Premier League,1.0,30.0,7,7,15,8,11,
213407,M. Macey,Matthew Ryan Macey,GK,51,1.0,Arsenal,English Premier League,1.0,,53,49,46,49,53,40.0
228402,T. Campbell,Tahvon Ravell Campbell,ST,48,109.0,West Bromwich Albion,English Premier League,1.0,50.0,10,12,14,14,11,
