,player_id,player,statsbomb_name_norm,Player Name,fifa_name_norm,match_name_norm,Att. Position,Finishing,Shot Power,Long Shots,Volleys,Penalties,Heading,Source,match_method,match_score
0,3517.0,Aaron Ramsey,aaron ramsey,Aaron Ramsey,aaron ramsey,aaron ramsey,83.0,75.0,81.0,75.0,79.0,75.0,58.0,yarknyorulmaz/fifa-index-player-ratings-dataset-epl-v16-v24,exact,100
1,3668.0,Theo Walcott,theo walcott,Theo Walcott,theo walcott,theo walcott,79.0,82.0,75.0,69.0,72.0,74.0,55.0,yarknyorulmaz/fifa-index-player-ratings-dataset-epl-v16-v24,exact,100
2,5594.0,Branislav Ivanović,branislav ivanovic,Branislav Ivanović,branislav ivanovic,branislav ivanovic,61.0,57.0,73.0,62.0,48.0,58.0,87.0,yarknyorulmaz/fifa-index-player-ratings-dataset-epl-v16-v24,exact,100
3,3381.0,Nemanja Matić,nemanja matic,Nemanja Matić,nemanja matic,nemanja matic,68.0,64.0,78.0,75.0,74.0,69.0,77.0,yarknyorulmaz/fifa-index-player-ratings-dataset-epl-v16-v24,exact,100
4,3621.0,Eden Hazard,eden hazard,Eden Hazard,eden hazard,eden hazard,84.0,81.0,79.0,82.0,79.0,86.0,57.0,yarknyorulmaz/fifa-index-player-ratings-dataset-epl-v16-v24,exact,100
5,6623.0,Loïc Rémy,loic remy,Loïc Rémy,loic remy,loic remy,81.0,83.0,78.0,77.0,71.0,78.0,81.0,yarknyorulmaz/fifa-index-player-ratings-dataset-epl-v16-v24,exact,100
6,28100.0,Ramires Santos do Nascimento,ramires santos do nascimento,Ramires Santos do Nascimen.,ramires santos do nascimen,ramires santos do nascimento,77.0,68.0,77.0,72.0,75.0,85.0,64.0,manual_fifa_index,exact,100
7,11117.0,Scott Sinclair,scott sinclair,Scott Sinclair,scott sinclair,scott sinclair,74.0,72.0,73.0,65.0,65.0,82.0,69.0,yarknyorulmaz/fifa-index-player-ratings-dataset-epl-v16-v24,exact,100
8,3604.0,Olivier Giroud,olivier giroud,Olivier Giroud,olivier giroud,olivier giroud,84.0,84.0,84.0,76.0,81.0,81.0,86.0,yarknyorulmaz/fifa-index-player-ratings-dataset-epl-v16-v24,exact,100
9,3394.0,Laurent Koscielny,laurent koscielny,Laurent Koscielny,laurent koscielny,laurent koscielny,31.0,32.0,54.0,47.0,35.0,51.0,84.0,yarknyorulmaz/fifa-index-player-ratings-dataset-epl-v16-v24,exact,100
10,9533.0,Leandro Bacuna,leandro bacuna,Leandro Bacuna,leandro bacuna,leandro bacuna,68.0,67.0,83.0,70.0,71.0,76.0,63.0,yarknyorulmaz/fifa-index-player-ratings-dataset-epl-v16-v24,exact,100
11,3450.0,Jordan Ayew,jordan ayew,Jordan Ayew,jordan ayew,jordan ayew,74.0,77.0,76.0,74.0,74.0,74.0,77.0,yarknyorulmaz/fifa-index-player-ratings-dataset-epl-v16-v24,exact,100
12,9642.0,Alan Hutton,alan hutton,Alan Hutton,alan hutton,alan hutton,66.0,41.0,59.0,47.0,43.0,49.0,62.0,yarknyorulmaz/fifa-index-player-ratings-dataset-epl-v16-v24,exact,100
13,19362.0,Rudy Gestede,rudy gestede,Rudy Gestede,rudy gestede,rudy gestede,74.0,76.0,76.0,68.0,67.0,66.0,84.0,yarknyorulmaz/fifa-index-player-ratings-dataset-epl-v16-v24,exact,100
14,7153.0,Jordan Veretout,jordan veretout,Jordan Veretout,jordan veretout,jordan veretout,68.0,71.0,77.0,74.0,70.0,77.0,53.0,yarknyorulmaz/fifa-index-player-ratings-dataset-epl-v16-v24,exact,100
15,3528.0,Kieran Gibbs,kieran gibbs,Kieran Gibbs,kieran gibbs,kieran gibbs,65.0,47.0,72.0,65.0,47.0,63.0,68.0,yarknyorulmaz/fifa-index-player-ratings-dataset-epl-v16-v24,exact,100
16,3525.0,Alex Oxlade-Chamberlain,alex oxlade chamberlain,Alex Oxlade-Chamberlain,alex oxlade chamberlain,alex oxlade chamberlain,74.0,68.0,77.0,75.0,59.0,69.0,39.0,yarknyorulmaz/fifa-index-player-ratings-dataset-epl-v16-v24,exact,100
17,3089.0,Kevin De Bruyne,kevin de bruyne,Kevin De Bruyne,kevin de bruyne,kevin de bruyne,83.0,82.0,84.0,85.0,82.0,77.0,53.0,yarknyorulmaz/fifa-index-player-ratings-dataset-epl-v16-v24,exact,100
18,5596.0,Aleksandar Kolarov,aleksandar kolarov,Aleksandar Kolarov,aleksandar kolarov,aleksandar kolarov,69.0,55.0,91.0,80.0,64.0,74.0,75.0,yarknyorulmaz/fifa-index-player-ratings-dataset-epl-v16-v24,exact,100
19,3233.0,Raheem Sterling,raheem sterling,Raheem Sterling,raheem sterling,raheem sterling,81.0,73.0,68.0,70.0,59.0,63.0,38.0,yarknyorulmaz/fifa-index-player-ratings-dataset-epl-v16-v24,exact,100
20,20521.0,Bafétimbi Gomis,bafetimbi gomis,Bafétimbi Gomis,bafetimbi gomis,bafetimbi gomis,79.0,80.0,84.0,75.0,79.0,83.0,81.0,yarknyorulmaz/fifa-index-player-ratings-dataset-epl-v16-v24,exact,100
21,3057.0,Jonjo Shelvey,jonjo shelvey,Jonjo Shelvey,jonjo shelvey,jonjo shelvey,71.0,70.0,85.0,81.0,56.0,71.0,69.0,yarknyorulmaz/fifa-index-player-ratings-dataset-epl-v16-v24,exact,100
22,3644.0,Ashley Williams,ashley williams,Ashley Williams,ashley williams,ashley williams,28.0,37.0,64.0,40.0,34.0,45.0,82.0,yarknyorulmaz/fifa-index-player-ratings-dataset-epl-v16-v24,exact,100
23,3496.0,Mesut Özil,mesut ozil,Mesut Özil,mesut ozil,mesut ozil,84.0,75.0,70.0,76.0,77.0,76.0,54.0,yarknyorulmaz/fifa-index-player-ratings-dataset-epl-v16-v24,exact,100
24,7171.0,Fabio Borini,fabio borini,Fabio Borini,fabio borini,fabio borini,78.0,76.0,76.0,66.0,75.0,81.0,75.0,yarknyorulmaz/fifa-index-player-ratings-dataset-epl-v16-v24,exact,100
25,22281.0,Duncan Watmore,duncan watmore,Duncan Watmore,duncan watmore,duncan watmore,67.0,67.0,66.0,57.0,58.0,62.0,49.0,yarknyorulmaz/fifa-index-player-ratings-dataset-epl-v16-v24,exact,100
26,3658.0,DeAndre Yedlin,deandre yedlin,DeAndre Yedlin,deandre yedlin,deandre yedlin,67.0,40.0,73.0,51.0,60.0,38.0,61.0,yarknyorulmaz/fifa-index-player-ratings-dataset-epl-v16-v24,exact,100
27,9554.0,Steven Fletcher,steven fletcher,Steven Fletcher,steven fletcher,steven fletcher,78.0,80.0,76.0,67.0,66.0,71.0,86.0,manual_fifa_index,exact,100
28,3321.0,Patrick van Aanholt,patrick van aanholt,Patrick van Aanholt,patrick van aanholt,patrick van aanholt,74.0,59.0,70.0,64.0,53.0,46.0,64.0,yarknyorulmaz/fifa-index-player-ratings-dataset-epl-v16-v24,exact,100
29,3713.0,Calum Chambers,calum chambers,Calum Chambers,calum chambers,calum chambers,54.0,47.0,52.0,56.0,49.0,54.0,65.0,yarknyorulmaz/fifa-index-player-ratings-dataset-epl-v16-v24,exact,100
30,3471.0,Dejan Lovren,dejan lovren,Dejan Lovren,dejan lovren,dejan lovren,21.0,33.0,63.0,34.0,42.0,52.0,75.0,yarknyorulmaz/fifa-index-player-ratings-dataset-epl-v16-v24,exact,100
31,18872.0,Martin Škrtel,martin skrtel,Martin Škrtel,martin skrtel,martin skrtel,33.0,35.0,46.0,35.0,43.0,52.0,86.0,yarknyorulmaz/fifa-index-player-ratings-dataset-epl-v16-v24,exact,100
32,3629.0,Sadio Mané,sadio mane,Sadio Mané,sadio mane,sadio mane,77.0,76.0,73.0,66.0,66.0,71.0,53.0,yarknyorulmaz/fifa-index-player-ratings-dataset-epl-v16-v24,exact,100
33,3328.0,James Ward-Prowse,james ward prowse,James Ward-Prowse,james ward prowse,james ward prowse,61.0,53.0,74.0,70.0,51.0,64.0,57.0,yarknyorulmaz/fifa-index-player-ratings-dataset-epl-v16-v24,exact,100
34,3828.0,Steven Davis,steven davis,Steven Davis,steven davis,steven davis,68.0,58.0,63.0,63.0,64.0,62.0,53.0,yarknyorulmaz/fifa-index-player-ratings-dataset-epl-v16-v24,exact,100
35,3842.0,Shane Long,shane long,Shane Long,shane long,shane long,77.0,75.0,76.0,67.0,70.0,78.0,75.0,yarknyorulmaz/fifa-index-player-ratings-dataset-epl-v16-v24,exact,100
36,3831.0,Dušan Tadić,dusan tadic,Dušan Tadić,dusan tadic,dusan tadic,73.0,66.0,69.0,66.0,73.0,81.0,63.0,yarknyorulmaz/fifa-index-player-ratings-dataset-epl-v16-v24,exact,100
37,15996.0,Éderzito António Macedo Lopes,ederzito antonio macedo lopes,Éder Macedo Lopes,eder macedo lopes,ederzito antonio macedo lopes,78.0,73.0,79.0,69.0,75.0,73.0,7.0,manual_fifa_index,exact,100
38,3635.0,Jordon Ibe,jordon ibe,Jordon Ibe,jordon ibe,jordon ibe,67.0,65.0,77.0,68.0,50.0,57.0,35.0,yarknyorulmaz/fifa-index-player-ratings-dataset-epl-v16-v24,exact,100
39,4726.0,Kyle Bartley,kyle bartley,Kyle Bartley,kyle bartley,kyle bartley,25.0,24.0,36.0,20.0,23.0,46.0,72.0,yarknyorulmaz/fifa-index-player-ratings-dataset-epl-v16-v24,exact,100
40,3463.0,Junior Stanislas,junior stanislas,Junior Stanislas,junior stanislas,junior stanislas,59.0,69.0,67.0,63.0,49.0,61.0,43.0,yarknyorulmaz/fifa-index-player-ratings-dataset-epl-v16-v24,exact,100
41,3346.0,Joshua King,joshua king,Joshua King,joshua king,joshua king,60.0,65.0,74.0,58.0,67.0,62.0,53.0,yarknyorulmaz/fifa-index-player-ratings-dataset-epl-v16-v24,exact,100
42,3814.0,Riyad Mahrez,riyad mahrez,Riyad Mahrez,riyad mahrez,riyad mahrez,80.0,79.0,74.0,74.0,71.0,71.0,45.0,yarknyorulmaz/fifa-index-player-ratings-dataset-epl-v16-v24,exact,100
43,10960.0,Jamie Vardy,jamie vardy,Jamie Vardy,jamie vardy,jamie vardy,83.0,82.0,84.0,68.0,75.0,76.0,64.0,yarknyorulmaz/fifa-index-player-ratings-dataset-epl-v16-v24,exact,100
44,3343.0,Dan Gosling,dan gosling,Dan Gosling,dan gosling,dan gosling,77.0,64.0,71.0,73.0,64.0,61.0,61.0,yarknyorulmaz/fifa-index-player-ratings-dataset-epl-v16-v24,exact,100
46,6409.0,Adam Smith,adam smith,Adam Smith,adam smith,adam smith,54.0,43.0,67.0,64.0,40.0,48.0,56.0,yarknyorulmaz/fifa-index-player-ratings-dataset-epl-v16-v24,exact,100
47,40123.0,Robert Huth,robert huth,Robert Huth,robert huth,robert huth,34.0,46.0,75.0,54.0,56.0,54.0,83.0,yarknyorulmaz/fifa-index-player-ratings-dataset-epl-v16-v24,exact,100
48,3345.0,Charlie Daniels,charlie daniels,Charlie Daniels,charlie daniels,charlie daniels,63.0,45.0,48.0,46.0,32.0,67.0,61.0,yarknyorulmaz/fifa-index-player-ratings-dataset-epl-v16-v24,exact,100
49,3810.0,Shinji Okazaki,shinji okazaki,Shinji Okazaki,shinji okazaki,shinji okazaki,79.0,76.0,77.0,68.0,75.0,75.0,79.0,yarknyorulmaz/fifa-index-player-ratings-dataset-epl-v16-v24,exact,100
50,3662.0,Danny Drinkwater,danny drinkwater,Danny Drinkwater,danny drinkwater,danny drinkwater,68.0,61.0,75.0,69.0,58.0,52.0,59.0,yarknyorulmaz/fifa-index-player-ratings-dataset-epl-v16-v24,exact,100
51,10783.0,Lee Cattermole,lee cattermole,Lee Cattermole,lee cattermole,lee cattermole,47.0,49.0,77.0,62.0,61.0,64.0,67.0,yarknyorulmaz/fifa-index-player-ratings-dataset-epl-v16-v24,exact,100
52,10503.0,Billy Jones,billy jones,Billy Jones,billy jones,billy jones,44.0,53.0,59.0,60.0,45.0,57.0,61.0,yarknyorulmaz/fifa-index-player-ratings-dataset-epl-v16-v24,exact,100
53,2966.0,Stéphane Sessègnon,stephane sessegnon,Stéphane Sessègnon,stephane sessegnon,stephane sessegnon,76.0,71.0,75.0,69.0,69.0,77.0,68.0,yarknyorulmaz/fifa-index-player-ratings-dataset-epl-v16-v24,exact,100
54,3514.0,James McClean,james mcclean,James McClean,james mcclean,james mcclean,73.0,67.0,69.0,65.0,59.0,65.0,71.0,yarknyorulmaz/fifa-index-player-ratings-dataset-epl-v16-v24,exact,100
55,3523.0,Craig Dawson,craig dawson,Craig Dawson,craig dawson,craig dawson,56.0,49.0,57.0,14.0,20.0,66.0,77.0,yarknyorulmaz/fifa-index-player-ratings-dataset-epl-v16-v24,exact,100
56,4630.0,Saido Berahino,saido berahino,Saido Berahino,saido berahino,saido berahino,79.0,82.0,81.0,68.0,68.0,81.0,67.0,yarknyorulmaz/fifa-index-player-ratings-dataset-epl-v16-v24,exact,100
57,3337.0,Jermain Defoe,jermain defoe,Jermain Defoe,jermain defoe,jermain defoe,84.0,84.0,88.0,81.0,81.0,68.0,68.0,yarknyorulmaz/fifa-index-player-ratings-dataset-epl-v16-v24,exact,100
58,4217.0,Danny Graham,danny graham,Danny Graham,danny graham,danny graham,77.0,74.0,74.0,69.0,60.0,73.0,66.0,yarknyorulmaz/fifa-index-player-ratings-dataset-epl-v16-v24,exact,100
59,30289.0,Papiss Demba Cissé,papiss demba cisse,Papiss Demba Cissé,papiss demba cisse,papiss demba cisse,80.0,78.0,79.0,78.0,79.0,80.0,75.0,yarknyorulmaz/fifa-index-player-ratings-dataset-epl-v16-v24,exact,100
60,4269.0,Aleksandar Mitrović,aleksandar mitrovic,Aleksandar Mitrović,aleksandar mitrovic,aleksandar mitrovic,81.0,82.0,80.0,68.0,83.0,64.0,84.0,yarknyorulmaz/fifa-index-player-ratings-dataset-epl-v16-v24,exact,100
61,26207.0,Fabricio Coloccini,fabricio coloccini,Fabricio Coloccini,fabricio coloccini,fabricio coloccini,37.0,44.0,60.0,70.0,58.0,58.0,81.0,yarknyorulmaz/fifa-index-player-ratings-dataset-epl-v16-v24,exact,100
62,3583.0,Ashley Westwood,ashley westwood,Ashley Westwood,ashley westwood,ashley westwood,55.0,47.0,62.0,57.0,48.0,55.0,44.0,yarknyorulmaz/fifa-index-player-ratings-dataset-epl-v16-v24,exact,100
63,3091.0,Moussa Sissoko,moussa sissoko,Moussa Sissoko,moussa sissoko,moussa sissoko,76.0,72.0,85.0,71.0,67.0,68.0,70.0,yarknyorulmaz/fifa-index-player-ratings-dataset-epl-v16-v24,exact,100
64,3567.0,Georginio Wijnaldum,georginio wijnaldum,Georginio Wijnaldum,georginio wijnaldum,georginio wijnaldum,78.0,76.0,77.0,69.0,73.0,74.0,72.0,yarknyorulmaz/fifa-index-player-ratings-dataset-epl-v16-v24,exact,100
65,3683.0,Tom Cleverley,tom cleverley,Tom Cleverley,tom cleverley,tom cleverley,74.0,64.0,74.0,75.0,68.0,72.0,48.0,yarknyorulmaz/fifa-index-player-ratings-dataset-epl-v16-v24,exact,100
66,3646.0,Marc Pugh,marc pugh,Marc Pugh,marc pugh,marc pugh,70.0,70.0,67.0,66.0,49.0,64.0,66.0,yarknyorulmaz/fifa-index-player-ratings-dataset-epl-v16-v24,exact,100
67,4275.0,Ross Barkley,ross barkley,Ross Barkley,ross barkley,ross barkley,71.0,70.0,78.0,79.0,61.0,65.0,65.0,yarknyorulmaz/fifa-index-player-ratings-dataset-epl-v16-v24,exact,100
68,3049.0,Matt Ritchie,matt ritchie,Matt Ritchie,matt ritchie,matt ritchie,72.0,73.0,75.0,74.0,50.0,65.0,38.0,yarknyorulmaz/fifa-index-player-ratings-dataset-epl-v16-v24,exact,100
69,3341.0,Steve Cook,steve cook,Steve Cook,steve cook,steve cook,12.0,20.0,47.0,13.0,29.0,20.0,69.0,yarknyorulmaz/fifa-index-player-ratings-dataset-epl-v16-v24,exact,100
70,3616.0,Callum Wilson,callum wilson,Callum Wilson,callum wilson,callum wilson,77.0,79.0,69.0,64.0,65.0,75.0,62.0,yarknyorulmaz/fifa-index-player-ratings-dataset-epl-v16-v24,exact,100
71,3518.0,Leighton Baines,leighton baines,Leighton Baines,leighton baines,leighton baines,75.0,70.0,84.0,75.0,63.0,90.0,74.0,yarknyorulmaz/fifa-index-player-ratings-dataset-epl-v16-v24,exact,100
72,3953.0,Aaron Lennon,aaron lennon,Aaron Lennon,aaron lennon,aaron lennon,71.0,66.0,62.0,57.0,68.0,62.0,28.0,yarknyorulmaz/fifa-index-player-ratings-dataset-epl-v16-v24,exact,100
73,129558.0,Tony Hibbert,tony hibbert,Tony Hibbert,tony hibbert,tony hibbert,58.0,12.0,30.0,18.0,19.0,22.0,69.0,yarknyorulmaz/fifa-index-player-ratings-dataset-epl-v16-v24,exact,100
74,3278.0,Benik Afobe,benik afobe,Benik Afobe,benik afobe,benik afobe,78.0,78.0,68.0,67.0,70.0,72.0,66.0,yarknyorulmaz/fifa-index-player-ratings-dataset-epl-v16-v24,exact,100
75,3277.0,Yohan Cabaye,yohan cabaye,Yohan Cabaye,yohan cabaye,yohan cabaye,71.0,71.0,82.0,80.0,73.0,84.0,70.0,yarknyorulmaz/fifa-index-player-ratings-dataset-epl-v16-v24,exact,100
76,3454.0,Troy Deeney,troy deeney,Troy Deeney,troy deeney,troy deeney,77.0,77.0,86.0,78.0,66.0,78.0,75.0,yarknyorulmaz/fifa-index-player-ratings-dataset-epl-v16-v24,exact,100
77,20641.0,Connor Wickham,connor wickham,Connor Wickham,connor wickham,connor wickham,68.0,75.0,79.0,69.0,62.0,75.0,71.0,yarknyorulmaz/fifa-index-player-ratings-dataset-epl-v16-v24,exact,100
78,26699.0,Emmanuel Adebayor,emmanuel adebayor,Emmanuel Adebayor,emmanuel adebayor,emmanuel adebayor,76.0,78.0,82.0,71.0,80.0,79.0,80.0,yarknyorulmaz/fifa-index-player-ratings-dataset-epl-v16-v24,exact,100
79,15892.0,Jordon Mutch,jordon mutch,Jordon Mutch,jordon mutch,jordon mutch,70.0,67.0,78.0,75.0,44.0,72.0,67.0,yarknyorulmaz/fifa-index-player-ratings-dataset-epl-v16-v24,exact,100
80,3306.0,Nathan Aké,nathan ake,Nathan Aké,nathan ake,nathan ake,42.0,41.0,63.0,56.0,52.0,48.0,67.0,yarknyorulmaz/fifa-index-player-ratings-dataset-epl-v16-v24,exact,100
81,3693.0,Damien Delaney,damien delaney,Damien Delaney,damien delaney,damien delaney,33.0,32.0,49.0,59.0,28.0,66.0,76.0,yarknyorulmaz/fifa-index-player-ratings-dataset-epl-v16-v24,exact,100
82,3507.0,Wilfried Zaha,wilfried zaha,Wilfried Zaha,wilfried zaha,wilfried zaha,73.0,74.0,69.0,60.0,51.0,66.0,43.0,yarknyorulmaz/fifa-index-player-ratings-dataset-epl-v16-v24,exact,100
83,43081.0,Almen Abdi,almen abdi,Almen Abdi,almen abdi,almen abdi,69.0,63.0,72.0,71.0,64.0,66.0,59.0,yarknyorulmaz/fifa-index-player-ratings-dataset-epl-v16-v24,exact,100
84,3443.0,Joel Ward,joel ward,Joel Ward,joel ward,joel ward,64.0,46.0,70.0,63.0,33.0,40.0,75.0,yarknyorulmaz/fifa-index-player-ratings-dataset-epl-v16-v24,exact,100
85,3388.0,Jack Wilshere,jack wilshere,Jack Wilshere,jack wilshere,jack wilshere,80.0,64.0,75.0,73.0,64.0,65.0,58.0,yarknyorulmaz/fifa-index-player-ratings-dataset-epl-v16-v24,exact,100
86,75899.0,Kevin Toner,kevin toner,Kevin Toner,kevin toner,kevin toner,27.0,29.0,49.0,31.0,29.0,40.0,61.0,yarknyorulmaz/fifa-index-player-ratings-dataset-epl-v16-v24,exact,100
87,9638.0,Jack Grealish,jack grealish,Jack Grealish,jack grealish,jack grealish,69.0,58.0,53.0,48.0,59.0,58.0,36.0,yarknyorulmaz/fifa-index-player-ratings-dataset-epl-v16-v24,exact,100
88,42700.0,Micah Richards,micah richards,Micah Richards,micah richards,micah richards,58.0,42.0,63.0,39.0,43.0,53.0,83.0,yarknyorulmaz/fifa-index-player-ratings-dataset-epl-v16-v24,exact,100
89,42703.0,Mikel Arteta Amatriain,mikel arteta amatriain,Mikel Arteta Amatriain,mikel arteta amatriain,mikel arteta amatriain,70.0,75.0,74.0,78.0,67.0,68.0,44.0,manual_fifa_index,exact,100
90,4243.0,Cameron Brannagan,cameron brannagan,Cameron Brannagan,cameron brannagan,cameron brannagan,45.0,45.0,53.0,40.0,52.0,53.0,48.0,yarknyorulmaz/fifa-index-player-ratings-dataset-epl-v16-v24,exact,100
91,10931.0,Joe Allen,joe allen,Joe Allen,joe allen,joe allen,67.0,58.0,63.0,60.0,38.0,52.0,44.0,yarknyorulmaz/fifa-index-player-ratings-dataset-epl-v16-v24,exact,100
92,4129.0,Tyler Roberts,tyler roberts,Tyler Roberts,tyler roberts,tyler roberts,49.0,70.0,58.0,58.0,47.0,72.0,57.0,yarknyorulmaz/fifa-index-player-ratings-dataset-epl-v16-v24,exact,100
93,10955.0,Harry Kane,harry kane,Harry Kane,harry kane,harry kane,84.0,85.0,82.0,78.0,70.0,82.0,81.0,yarknyorulmaz/fifa-index-player-ratings-dataset-epl-v16-v24,exact,100
94,3205.0,Kyle Walker,kyle walker,Kyle Walker,kyle walker,kyle walker,62.0,51.0,86.0,70.0,57.0,63.0,76.0,yarknyorulmaz/fifa-index-player-ratings-dataset-epl-v16-v24,exact,100
95,10956.0,Eric Dier,eric dier,Eric Dier,eric dier,eric dier,53.0,44.0,83.0,72.0,52.0,70.0,83.0,yarknyorulmaz/fifa-index-player-ratings-dataset-epl-v16-v24,exact,100
96,3594.0,Danny Rose,danny rose,Danny Rose,danny rose,danny rose,62.0,57.0,71.0,69.0,64.0,57.0,60.0,yarknyorulmaz/fifa-index-player-ratings-dataset-epl-v16-v24,exact,100
97,9593.0,Lewis Grabban,lewis grabban,Lewis Grabban,lewis grabban,lewis grabban,67.0,71.0,72.0,65.0,67.0,79.0,65.0,yarknyorulmaz/fifa-index-player-ratings-dataset-epl-v16-v24,exact,100
98,40127.0,Ryan Mason,ryan mason,Ryan Mason,ryan mason,ryan mason,74.0,64.0,72.0,71.0,64.0,69.0,55.0,yarknyorulmaz/fifa-index-player-ratings-dataset-epl-v16-v24,exact,100
99,7110.0,Bacary Sagna,bacary sagna,Bacary Sagna,bacary sagna,bacary sagna,66.0,40.0,69.0,62.0,56.0,59.0,79.0,yarknyorulmaz/fifa-index-player-ratings-dataset-epl-v16-v24,exact,100
100,3307.0,Marc Albrighton,marc albrighton,Marc Albrighton,marc albrighton,marc albrighton,67.0,68.0,70.0,68.0,74.0,60.0,42.0,yarknyorulmaz/fifa-index-player-ratings-dataset-epl-v16-v24,exact,100
101,3812.0,Christian Fuchs,christian fuchs,Christian Fuchs,christian fuchs,christian fuchs,74.0,57.0,83.0,79.0,70.0,68.0,76.0,yarknyorulmaz/fifa-index-player-ratings-dataset-epl-v16-v24,exact,100
102,3092.0,Dwight Gayle,dwight gayle,Dwight Gayle,dwight gayle,dwight gayle,72.0,74.0,72.0,69.0,68.0,72.0,67.0,yarknyorulmaz/fifa-index-player-ratings-dataset-epl-v16-v24,exact,100
103,4589.0,Séamus Coleman,seamus coleman,Séamus Coleman,seamus coleman,seamus coleman,76.0,65.0,75.0,68.0,64.0,60.0,67.0,yarknyorulmaz/fifa-index-player-ratings-dataset-epl-v16-v24,exact,100
104,26696.0,Arouna Koné,arouna kone,Arouna Koné,arouna kone,arouna kone,77.0,76.0,84.0,70.0,71.0,67.0,73.0,yarknyorulmaz/fifa-index-player-ratings-dataset-epl-v16-v24,exact,100
105,5489.0,Mile Jedinak,mile jedinak,Mile Jedinák,mile jedinak,mile jedinak,52.0,59.0,81.0,74.0,67.0,80.0,79.0,yarknyorulmaz/fifa-index-player-ratings-dataset-epl-v16-v24,exact,100
106,19688.0,Jason Puncheon,jason puncheon,Jason Puncheon,jason puncheon,jason puncheon,74.0,74.0,77.0,75.0,71.0,73.0,41.0,yarknyorulmaz/fifa-index-player-ratings-dataset-epl-v16-v24,exact,100
107,3244.0,John Stones,john stones,John Stones,john stones,john stones,48.0,29.0,46.0,41.0,27.0,37.0,74.0,yarknyorulmaz/fifa-index-player-ratings-dataset-epl-v16-v24,exact,100
108,9930.0,Ryan Bennett,ryan bennett,Ryan Bennett,ryan bennett,ryan bennett,20.0,24.0,26.0,20.0,13.0,48.0,73.0,yarknyorulmaz/fifa-index-player-ratings-dataset-epl-v16-v24,exact,100
109,4807.0,Cameron Jerome,cameron jerome,Cameron Jerome,cameron jerome,cameron jerome,71.0,73.0,81.0,70.0,67.0,70.0,73.0,yarknyorulmaz/fifa-index-player-ratings-dataset-epl-v16-v24,exact,100
110,3286.0,Nathan Redmond,nathan redmond,Nathan Redmond,nathan redmond,nathan redmond,71.0,66.0,71.0,73.0,55.0,60.0,33.0,yarknyorulmaz/fifa-index-player-ratings-dataset-epl-v16-v24,exact,100
111,10457.0,Patrick Bamford,patrick bamford,Patrick Bamford,patrick bamford,patrick bamford,72.0,74.0,67.0,62.0,56.0,69.0,68.0,yarknyorulmaz/fifa-index-player-ratings-dataset-epl-v16-v24,exact,100
112,18751.0,Jack Rodwell,jack rodwell,Jack Rodwell,jack rodwell,jack rodwell,72.0,69.0,79.0,77.0,66.0,57.0,79.0,yarknyorulmaz/fifa-index-player-ratings-dataset-epl-v16-v24,exact,100
113,3196.0,Wahbi Khazri,wahbi khazri,Wahbi Khazri,wahbi khazri,wahbi khazri,78.0,80.0,81.0,84.0,65.0,75.0,52.0,yarknyorulmaz/fifa-index-player-ratings-dataset-epl-v16-v24,exact,100
114,3407.0,Scott Dann,scott dann,Scott Dann,scott dann,scott dann,36.0,34.0,52.0,32.0,29.0,30.0,83.0,yarknyorulmaz/fifa-index-player-ratings-dataset-epl-v16-v24,exact,100
115,4746.0,Younes Kaboul,younes kaboul,Younès Kaboul,younes kaboul,younes kaboul,51.0,21.0,82.0,55.0,34.0,54.0,81.0,yarknyorulmaz/fifa-index-player-ratings-dataset-epl-v16-v24,exact,100
116,3469.0,Bakary Sako,bakary sako,Bakary Sako,bakary sako,bakary sako,72.0,71.0,88.0,81.0,72.0,70.0,61.0,yarknyorulmaz/fifa-index-player-ratings-dataset-epl-v16-v24,exact,100
117,21212.0,Russell Martin,russell martin,Russell Martin,russell martin,russell martin,53.0,55.0,70.0,46.0,50.0,66.0,68.0,yarknyorulmaz/fifa-index-player-ratings-dataset-epl-v16-v24,exact,100
118,4022.0,Darren Fletcher,darren fletcher,Darren Fletcher,darren fletcher,darren fletcher,57.0,65.0,77.0,73.0,60.0,62.0,83.0,yarknyorulmaz/fifa-index-player-ratings-dataset-epl-v16-v24,exact,100
119,9485.0,Craig Gardner,craig gardner,Craig Gardner,craig gardner,craig gardner,72.0,65.0,87.0,84.0,71.0,81.0,68.0,yarknyorulmaz/fifa-index-player-ratings-dataset-epl-v16-v24,exact,100
120,3585.0,Erik Lamela,erik lamela,Erik Lamela,erik lamela,erik lamela,79.0,75.0,80.0,82.0,80.0,75.0,71.0,yarknyorulmaz/fifa-index-player-ratings-dataset-epl-v16-v24,exact,100
121,20285.0,Joleon Lescott,joleon lescott,Joleon Lescott,joleon lescott,joleon lescott,39.0,52.0,64.0,40.0,45.0,48.0,82.0,yarknyorulmaz/fifa-index-player-ratings-dataset-epl-v16-v24,exact,100
122,3493.0,Emre Can,emre can,Emre Can,emre can,emre can,70.0,55.0,78.0,70.0,61.0,60.0,70.0,yarknyorulmaz/fifa-index-player-ratings-dataset-epl-v16-v24,exact,100
123,3645.0,Gary Cahill,gary cahill,Gary Cahill,gary cahill,gary cahill,45.0,56.0,63.0,66.0,47.0,53.0,86.0,yarknyorulmaz/fifa-index-player-ratings-dataset-epl-v16-v24,exact,100
124,42902.0,Adam Johnson,adam johnson,Adam Johnson,adam johnson,adam johnson,77.0,75.0,74.0,78.0,67.0,68.0,44.0,manual_fifa_index,exact,100
125,2988.0,Memphis Depay,memphis depay,Memphis Depay,memphis depay,memphis depay,76.0,73.0,88.0,81.0,69.0,66.0,55.0,yarknyorulmaz/fifa-index-player-ratings-dataset-epl-v16-v24,exact,100
126,3325.0,Marko Arnautović,marko arnautovic,Marko Arnautović,marko arnautovic,marko arnautovic,78.0,73.0,76.0,69.0,79.0,78.0,71.0,yarknyorulmaz/fifa-index-player-ratings-dataset-epl-v16-v24,exact,100
127,3467.0,Erik Pieters,erik pieters,Erik Pieters,erik pieters,erik pieters,61.0,32.0,51.0,36.0,34.0,65.0,73.0,yarknyorulmaz/fifa-index-player-ratings-dataset-epl-v16-v24,exact,100
128,20039.0,Anthony Martial,anthony martial,Anthony Martial,anthony martial,anthony martial,80.0,81.0,80.0,68.0,74.0,71.0,72.0,yarknyorulmaz/fifa-index-player-ratings-dataset-epl-v16-v24,exact,100
129,4891.0,Ibrahim Afellay,ibrahim afellay,Ibrahim Afellay,ibrahim afellay,ibrahim afellay,73.0,71.0,75.0,76.0,72.0,70.0,46.0,yarknyorulmaz/fifa-index-player-ratings-dataset-epl-v16-v24,exact,100
130,3636.0,Charlie Adam,charlie adam,Charlie Adam,charlie adam,charlie adam,77.0,74.0,85.0,81.0,75.0,83.0,69.0,yarknyorulmaz/fifa-index-player-ratings-dataset-epl-v16-v24,exact,100
131,3626.0,Ben Watson,ben watson,Ben Watson,ben watson,ben watson,64.0,67.0,73.0,63.0,63.0,78.0,58.0,yarknyorulmaz/fifa-index-player-ratings-dataset-epl-v16-v24,exact,100
132,40118.0,Ikechi Anya,ikechi anya,Ikechi Anya,ikechi anya,ikechi anya,72.0,59.0,77.0,51.0,46.0,55.0,53.0,yarknyorulmaz/fifa-index-player-ratings-dataset-epl-v16-v24,exact,100
133,3533.0,Xherdan Shaqiri,xherdan shaqiri,Xherdan Shaqiri,xherdan shaqiri,xherdan shaqiri,77.0,74.0,84.0,78.0,76.0,65.0,37.0,yarknyorulmaz/fifa-index-player-ratings-dataset-epl-v16-v24,exact,100
134,3670.0,Jonathan Walters,jonathan walters,Jonathan Walters,jonathan walters,jonathan walters,75.0,75.0,73.0,69.0,67.0,72.0,74.0,yarknyorulmaz/fifa-index-player-ratings-dataset-epl-v16-v24,exact,100
135,3721.0,Etienne Capoue,etienne capoue,Etienne Capoue,etienne capoue,etienne capoue,62.0,57.0,73.0,68.0,59.0,52.0,70.0,yarknyorulmaz/fifa-index-player-ratings-dataset-epl-v16-v24,exact,100
136,3480.0,Geoff Cameron,geoff cameron,Geoff Cameron,geoff cameron,geoff cameron,62.0,54.0,65.0,59.0,56.0,63.0,73.0,yarknyorulmaz/fifa-index-player-ratings-dataset-epl-v16-v24,exact,100
137,4597.0,Fabian Delph,fabian delph,Fabian Delph,fabian delph,fabian delph,71.0,63.0,80.0,73.0,59.0,65.0,53.0,yarknyorulmaz/fifa-index-player-ratings-dataset-epl-v16-v24,exact,100
138,4724.0,Glen Johnson,glen johnson,Glen Johnson,glen johnson,glen johnson,68.0,58.0,79.0,70.0,56.0,60.0,68.0,yarknyorulmaz/fifa-index-player-ratings-dataset-epl-v16-v24,exact,100
139,9625.0,Glenn Whelan,glenn whelan,Glenn Whelan,glenn whelan,glenn whelan,61.0,65.0,70.0,67.0,59.0,65.0,64.0,yarknyorulmaz/fifa-index-player-ratings-dataset-epl-v16-v24,exact,100
140,3085.0,Glenn Murray,glenn murray,Glenn Murray,glenn murray,glenn murray,78.0,77.0,74.0,68.0,65.0,75.0,79.0,yarknyorulmaz/fifa-index-player-ratings-dataset-epl-v16-v24,exact,100
141,40218.0,Sylvain Distin,sylvain distin,Sylvain Distin,sylvain distin,sylvain distin,48.0,30.0,41.0,31.0,59.0,47.0,82.0,yarknyorulmaz/fifa-index-player-ratings-dataset-epl-v16-v24,exact,100
142,8251.0,Marco van Ginkel,marco van ginkel,Marco van Ginkel,marco van ginkel,marco van ginkel,75.0,72.0,75.0,75.0,72.0,64.0,68.0,yarknyorulmaz/fifa-index-player-ratings-dataset-epl-v16-v24,exact,100
143,28782.0,Ritchie De Laet,ritchie de laet,Ritchie De Laet,ritchie de laet,ritchie de laet,58.0,38.0,61.0,42.0,24.0,40.0,68.0,yarknyorulmaz/fifa-index-player-ratings-dataset-epl-v16-v24,exact,100
144,9648.0,Paddy McNair,paddy mcnair,Paddy McNair,paddy mcnair,paddy mcnair,42.0,36.0,42.0,40.0,43.0,43.0,68.0,yarknyorulmaz/fifa-index-player-ratings-dataset-epl-v16-v24,exact,100
145,3963.0,Victor Moses,victor moses,Victor Moses,victor moses,victor moses,76.0,70.0,75.0,68.0,63.0,71.0,69.0,yarknyorulmaz/fifa-index-player-ratings-dataset-epl-v16-v24,exact,100
146,27853.0,Mauro Matías Zárate,mauro matias zarate,Mauro Zárate,mauro zarate,mauro matias zarate,79.0,75.0,80.0,82.0,78.0,70.0,58.0,manual_fifa_index,exact,100
147,4280.0,Winston Reid,winston reid,Winston Reid,winston reid,winston reid,42.0,46.0,75.0,53.0,30.0,55.0,83.0,yarknyorulmaz/fifa-index-player-ratings-dataset-epl-v16-v24,exact,100
148,4587.0,Matteo Darmian,matteo darmian,Matteo Darmian,matteo darmian,matteo darmian,64.0,38.0,69.0,56.0,59.0,45.0,71.0,yarknyorulmaz/fifa-index-player-ratings-dataset-epl-v16-v24,exact,100
149,10958.0,Chris Smalling,chris smalling,Chris Smalling,chris smalling,chris smalling,42.0,23.0,42.0,35.0,54.0,52.0,85.0,yarknyorulmaz/fifa-index-player-ratings-dataset-epl-v16-v24,exact,100
150,3293.0,Jesse Lingard,jesse lingard,Jesse Lingard,jesse lingard,jesse lingard,76.0,73.0,66.0,60.0,54.0,63.0,58.0,yarknyorulmaz/fifa-index-player-ratings-dataset-epl-v16-v24,exact,100
151,3600.0,Morgan Schneiderlin,morgan schneiderlin,Morgan Schneiderlin,morgan schneiderlin,morgan schneiderlin,67.0,64.0,71.0,56.0,56.0,56.0,65.0,yarknyorulmaz/fifa-index-player-ratings-dataset-epl-v16-v24,exact,100
152,3874.0,Mark Noble,mark noble,Mark Noble,mark noble,mark noble,64.0,61.0,74.0,68.0,68.0,88.0,62.0,yarknyorulmaz/fifa-index-player-ratings-dataset-epl-v16-v24,exact,100
153,18414.0,Bastian Schweinsteiger,bastian schweinsteiger,Bastian Schweinsteiger,bastian schweinsteiger,bastian schweinsteiger,80.0,73.0,84.0,81.0,82.0,83.0,79.0,yarknyorulmaz/fifa-index-player-ratings-dataset-epl-v16-v24,exact,100
154,4751.0,Michael Carrick,michael carrick,Michael Carrick,michael carrick,michael carrick,59.0,59.0,78.0,71.0,67.0,64.0,73.0,yarknyorulmaz/fifa-index-player-ratings-dataset-epl-v16-v24,exact,100
155,3490.0,James Morrison,james morrison,James Morrison,james morrison,james morrison,73.0,72.0,80.0,78.0,83.0,69.0,54.0,yarknyorulmaz/fifa-index-player-ratings-dataset-epl-v16-v24,exact,100
156,20527.0,Jonas Olsson,jonas olsson,Jonas Olsson,jonas olsson,jonas olsson,50.0,56.0,61.0,57.0,50.0,51.0,80.0,yarknyorulmaz/fifa-index-player-ratings-dataset-epl-v16-v24,exact,100
157,3991.0,Allan Romeo Nyom,allan romeo nyom,Allan-Roméo Nyom,allan romeo nyom,allan romeo nyom,51.0,27.0,76.0,66.0,44.0,37.0,69.0,yarknyorulmaz/fifa-index-player-ratings-dataset-epl-v16-v24,exact,100
158,3464.0,James McArthur,james mcarthur,James McArthur,james mcarthur,james mcarthur,71.0,56.0,65.0,61.0,51.0,69.0,60.0,yarknyorulmaz/fifa-index-player-ratings-dataset-epl-v16-v24,exact,100
159,16457.0,Jeremain Lens,jeremain lens,Jeremain Lens,jeremain lens,jeremain lens,69.0,76.0,80.0,75.0,87.0,67.0,63.0,yarknyorulmaz/fifa-index-player-ratings-dataset-epl-v16-v24,exact,100
160,3449.0,Wayne Routledge,wayne routledge,Wayne Routledge,wayne routledge,wayne routledge,72.0,69.0,68.0,55.0,71.0,63.0,34.0,yarknyorulmaz/fifa-index-player-ratings-dataset-epl-v16-v24,exact,100
161,3304.0,Harry Arter,harry arter,Harry Arter,harry arter,harry arter,68.0,70.0,76.0,75.0,63.0,68.0,49.0,yarknyorulmaz/fifa-index-player-ratings-dataset-epl-v16-v24,exact,100
162,9627.0,Neil Taylor,neil taylor,Neil Taylor,neil taylor,neil taylor,60.0,30.0,46.0,55.0,35.0,44.0,63.0,yarknyorulmaz/fifa-index-player-ratings-dataset-epl-v16-v24,exact,100
163,3669.0,Virgil van Dijk,virgil van dijk,Virgil van Dijk,virgil van dijk,virgil van dijk,41.0,55.0,81.0,64.0,43.0,64.0,74.0,yarknyorulmaz/fifa-index-player-ratings-dataset-epl-v16-v24,exact,100
164,3098.0,Victor Wanyama,victor wanyama,Victor Wanyama,victor wanyama,victor wanyama,64.0,62.0,79.0,64.0,62.0,65.0,73.0,yarknyorulmaz/fifa-index-player-ratings-dataset-epl-v16-v24,exact,100
165,11062.0,Graziano Pellè,graziano pelle,Graziano Pellè,graziano pelle,graziano pelle,83.0,81.0,81.0,69.0,79.0,76.0,91.0,yarknyorulmaz/fifa-index-player-ratings-dataset-epl-v16-v24,exact,100
166,4317.0,Kevin Mirallas,kevin mirallas,Kevin Mirallas,kevin mirallas,kevin mirallas,80.0,78.0,77.0,76.0,76.0,75.0,64.0,yarknyorulmaz/fifa-index-player-ratings-dataset-epl-v16-v24,exact,100
167,9649.0,Jack Colback,jack colback,Jack Colback,jack colback,jack colback,53.0,54.0,71.0,64.0,47.0,59.0,56.0,yarknyorulmaz/fifa-index-player-ratings-dataset-epl-v16-v24,exact,100
168,11124.0,Steven Whittaker,steven whittaker,Steven Whittaker,steven whittaker,steven whittaker,64.0,60.0,73.0,64.0,50.0,76.0,75.0,yarknyorulmaz/fifa-index-player-ratings-dataset-epl-v16-v24,exact,100
169,16334.0,Graham Dorrans,graham dorrans,Graham Dorrans,graham dorrans,graham dorrans,68.0,64.0,77.0,75.0,69.0,75.0,69.0,yarknyorulmaz/fifa-index-player-ratings-dataset-epl-v16-v24,exact,100
170,4804.0,Bradley Johnson,bradley johnson,Bradley Johnson,bradley johnson,bradley johnson,72.0,70.0,91.0,78.0,68.0,72.0,76.0,manual_fifa_index,exact,100
171,10966.0,Wes Hoolahan,wes hoolahan,Wes Hoolahan,wes hoolahan,wes hoolahan,76.0,66.0,70.0,69.0,62.0,77.0,43.0,yarknyorulmaz/fifa-index-player-ratings-dataset-epl-v16-v24,exact,100
172,23742.0,Vadis Odjidja-Ofoe,vadis odjidja ofoe,Vadis Odjidja-Ofoe,vadis odjidja ofoe,vadis odjidja ofoe,68.0,67.0,79.0,75.0,66.0,74.0,68.0,yarknyorulmaz/fifa-index-player-ratings-dataset-epl-v16-v24,exact,100
173,16027.0,Kevin Mbabu,kevin mbabu,Kevin Mbabu,kevin mbabu,kevin mbabu,41.0,19.0,41.0,24.0,28.0,35.0,53.0,yarknyorulmaz/fifa-index-player-ratings-dataset-epl-v16-v24,exact,100
174,16072.0,Vurnon Anita,vurnon anita,Vurnon Anita,vurnon anita,vurnon anita,62.0,53.0,61.0,53.0,43.0,45.0,51.0,yarknyorulmaz/fifa-index-player-ratings-dataset-epl-v16-v24,exact,100
175,3650.0,Daryl Janmaat,daryl janmaat,Daryl Janmaat,daryl janmaat,daryl janmaat,68.0,55.0,76.0,64.0,67.0,62.0,70.0,yarknyorulmaz/fifa-index-player-ratings-dataset-epl-v16-v24,exact,100
176,40124.0,Rickie Lambert,rickie lambert,Rickie Lambert,rickie lambert,rickie lambert,79.0,81.0,85.0,74.0,72.0,96.0,84.0,yarknyorulmaz/fifa-index-player-ratings-dataset-epl-v16-v24,exact,100
177,9551.0,Callum McManaman,callum mcmanaman,Callum McManaman,callum mcmanaman,callum mcmanaman,72.0,70.0,64.0,57.0,55.0,64.0,37.0,yarknyorulmaz/fifa-index-player-ratings-dataset-epl-v16-v24,exact,100
178,4417.0,Ola Toivonen,ola toivonen,Ola Toivonen,ola toivonen,ola toivonen,76.0,73.0,79.0,79.0,79.0,71.0,74.0,yarknyorulmaz/fifa-index-player-ratings-dataset-epl-v16-v24,exact,100
179,3041.0,Ciaran Clark,ciaran clark,Ciaran Clark,ciaran clark,ciaran clark,50.0,43.0,71.0,54.0,62.0,55.0,79.0,yarknyorulmaz/fifa-index-player-ratings-dataset-epl-v16-v24,exact,100
180,16067.0,Josh Onomah,josh onomah,Josh Onomah,josh onomah,josh onomah,69.0,56.0,62.0,56.0,41.0,42.0,45.0,yarknyorulmaz/fifa-index-player-ratings-dataset-epl-v16-v24,exact,100
181,20045.0,Ryan Bertrand,ryan bertrand,Ryan Bertrand,ryan bertrand,ryan bertrand,62.0,35.0,59.0,54.0,43.0,52.0,69.0,yarknyorulmaz/fifa-index-player-ratings-dataset-epl-v16-v24,exact,100
182,42701.0,Kieran Richardson,kieran richardson,Kieran Richardson,kieran richardson,kieran richardson,64.0,65.0,87.0,72.0,74.0,64.0,54.0,yarknyorulmaz/fifa-index-player-ratings-dataset-epl-v16-v24,exact,100
183,3290.0,Federico Fernández,federico fernandez,Federico Fernández,federico fernandez,federico fernandez,36.0,26.0,27.0,29.0,21.0,42.0,80.0,yarknyorulmaz/fifa-index-player-ratings-dataset-epl-v16-v24,exact,100
184,9536.0,Modou Barrow,modou barrow,Modou Barrow,modou barrow,modou barrow,64.0,68.0,65.0,60.0,46.0,60.0,43.0,yarknyorulmaz/fifa-index-player-ratings-dataset-epl-v16-v24,exact,100
185,3541.0,Chris Brunt,chris brunt,Chris Brunt,chris brunt,chris brunt,69.0,67.0,86.0,79.0,58.0,74.0,61.0,yarknyorulmaz/fifa-index-player-ratings-dataset-epl-v16-v24,exact,100
186,3520.0,Jeffrey Schlupp,jeffrey schlupp,Jeffrey Schlupp,jeffrey schlupp,jeffrey schlupp,63.0,56.0,74.0,53.0,64.0,68.0,62.0,yarknyorulmaz/fifa-index-player-ratings-dataset-epl-v16-v24,exact,100
187,3608.0,Simon Francis,simon francis,Simon Francis,simon francis,simon francis,58.0,25.0,64.0,62.0,26.0,44.0,68.0,yarknyorulmaz/fifa-index-player-ratings-dataset-epl-v16-v24,exact,100
188,3595.0,Manuel Lanzini,manuel lanzini,Manuel Lanzini,manuel lanzini,manuel lanzini,72.0,70.0,73.0,72.0,61.0,67.0,59.0,yarknyorulmaz/fifa-index-player-ratings-dataset-epl-v16-v24,exact,100
189,3495.0,Joe Gomez,joe gomez,Joe Gomez,joe gomez,joe gomez,51.0,26.0,41.0,26.0,24.0,26.0,69.0,yarknyorulmaz/fifa-index-player-ratings-dataset-epl-v16-v24,exact,100
190,3684.0,Cheikhou Kouyaté,cheikhou kouyate,Cheikhou Kouyaté,cheikhou kouyate,cheikhou kouyate,72.0,64.0,74.0,59.0,50.0,52.0,80.0,yarknyorulmaz/fifa-index-player-ratings-dataset-epl-v16-v24,exact,100
191,3062.0,Aaron Cresswell,aaron cresswell,Aaron Cresswell,aaron cresswell,aaron cresswell,60.0,53.0,71.0,62.0,40.0,59.0,58.0,yarknyorulmaz/fifa-index-player-ratings-dataset-epl-v16-v24,exact,100
192,3962.0,Diafra Sakho,diafra sakho,Diafra Sakho,diafra sakho,diafra sakho,80.0,79.0,72.0,64.0,70.0,73.0,77.0,yarknyorulmaz/fifa-index-player-ratings-dataset-epl-v16-v24,exact,100
193,3254.0,Florian Thauvin,florian thauvin,Florian Thauvin,florian thauvin,florian thauvin,74.0,70.0,76.0,74.0,64.0,57.0,66.0,manual_fifa_index,exact,100
194,4840.0,Massadio Haïdara,massadio haidara,Massadio Haïdara,massadio haidara,massadio haidara,53.0,41.0,79.0,45.0,37.0,55.0,59.0,yarknyorulmaz/fifa-index-player-ratings-dataset-epl-v16-v24,exact,100
195,20287.0,John Terry,john terry,John Terry,john terry,john terry,38.0,46.0,61.0,33.0,55.0,52.0,90.0,yarknyorulmaz/fifa-index-player-ratings-dataset-epl-v16-v24,exact,100
196,9528.0,Steven Naismith,steven naismith,Steven Naismith,steven naismith,steven naismith,81.0,76.0,74.0,64.0,66.0,79.0,76.0,yarknyorulmaz/fifa-index-player-ratings-dataset-epl-v16-v24,exact,100
197,22594.0,Matt Jarvis,matt jarvis,Matt Jarvis,matt jarvis,matt jarvis,63.0,62.0,70.0,60.0,62.0,66.0,49.0,yarknyorulmaz/fifa-index-player-ratings-dataset-epl-v16-v24,exact,100
198,20005.0,Toby Alderweireld,toby alderweireld,Toby Alderweireld,toby alderweireld,toby alderweireld,56.0,45.0,86.0,66.0,38.0,60.0,81.0,yarknyorulmaz/fifa-index-player-ratings-dataset-epl-v16-v24,exact,100
199,4831.0,Nacer Chadli,nacer chadli,Nacer Chadli,nacer chadli,nacer chadli,77.0,75.0,81.0,76.0,73.0,76.0,67.0,yarknyorulmaz/fifa-index-player-ratings-dataset-epl-v16-v24,exact,100
200,3297.0,Andros Townsend,andros townsend,Andros Townsend,andros townsend,andros townsend,70.0,66.0,82.0,78.0,59.0,83.0,54.0,yarknyorulmaz/fifa-index-player-ratings-dataset-epl-v16-v24,exact,100
201,21254.0,Carl Jenkinson,carl jenkinson,Carl Jenkinson,carl jenkinson,carl jenkinson,67.0,41.0,72.0,41.0,60.0,49.0,60.0,yarknyorulmaz/fifa-index-player-ratings-dataset-epl-v16-v24,exact,100
202,3491.0,Dimitri Payet,dimitri payet,Dimitri Payet,dimitri payet,dimitri payet,79.0,75.0,77.0,83.0,79.0,76.0,59.0,yarknyorulmaz/fifa-index-player-ratings-dataset-epl-v16-v24,exact,100
203,20543.0,Nikica Jelavić,nikica jelavic,Nikica Jelavić,nikica jelavic,nikica jelavic,75.0,77.0,74.0,70.0,69.0,81.0,77.0,manual_fifa_index,exact,100
204,43695.0,Brede Hangeland,brede hangeland,Brede Hangeland,brede hangeland,brede hangeland,19.0,34.0,63.0,39.0,38.0,44.0,80.0,manual_fifa_index,exact,100
205,4271.0,Andy Carroll,andy carroll,Andy Carroll,andy carroll,andy carroll,75.0,76.0,85.0,78.0,74.0,73.0,91.0,yarknyorulmaz/fifa-index-player-ratings-dataset-epl-v16-v24,exact,100
206,40121.0,Philipp Wollscheid,philipp wollscheid,Philipp Wollscheid,philipp wollscheid,philipp wollscheid,38.0,40.0,57.0,19.0,34.0,42.0,86.0,yarknyorulmaz/fifa-index-player-ratings-dataset-epl-v16-v24,exact,100
207,3081.0,Jamaal Lascelles,jamaal lascelles,Jamaal Lascelles,jamaal lascelles,jamaal lascelles,21.0,23.0,40.0,27.0,33.0,19.0,72.0,yarknyorulmaz/fifa-index-player-ratings-dataset-epl-v16-v24,exact,100
208,3633.0,Gareth Barry,gareth barry,Gareth Barry,gareth barry,gareth barry,58.0,56.0,77.0,71.0,65.0,72.0,74.0,yarknyorulmaz/fifa-index-player-ratings-dataset-epl-v16-v24,exact,100
209,3483.0,Mamadou Sakho,mamadou sakho,Mamadou Sakho,mamadou sakho,mamadou sakho,32.0,23.0,51.0,38.0,20.0,40.0,71.0,yarknyorulmaz/fifa-index-player-ratings-dataset-epl-v16-v24,exact,100
210,3607.0,James McCarthy,james mccarthy,James McCarthy,james mccarthy,james mccarthy,69.0,65.0,67.0,73.0,61.0,60.0,63.0,yarknyorulmaz/fifa-index-player-ratings-dataset-epl-v16-v24,exact,100
211,3340.0,Kyle Naughton,kyle naughton,Kyle Naughton,kyle naughton,kyle naughton,54.0,45.0,68.0,52.0,52.0,47.0,70.0,yarknyorulmaz/fifa-index-player-ratings-dataset-epl-v16-v24,exact,100
212,3270.0,Danny Simpson,danny simpson,Danny Simpson,danny simpson,danny simpson,58.0,27.0,37.0,54.0,50.0,54.0,70.0,yarknyorulmaz/fifa-index-player-ratings-dataset-epl-v16-v24,exact,100
213,3083.0,Heung-Min Son,heung min son,Heung Min Son,heung min son,heung min son,80.0,81.0,82.0,86.0,73.0,71.0,65.0,yarknyorulmaz/fifa-index-player-ratings-dataset-epl-v16-v24,exact,100
214,4828.0,Adlène Guédioura,adlene guedioura,Adlène Guédioura,adlene guedioura,adlene guedioura,59.0,63.0,84.0,75.0,64.0,57.0,64.0,yarknyorulmaz/fifa-index-player-ratings-dataset-epl-v16-v24,exact,100
215,5617.0,Sebastian Larsson,sebastian larsson,Sebastian Larsson,sebastian larsson,sebastian larsson,70.0,72.0,81.0,79.0,74.0,78.0,66.0,yarknyorulmaz/fifa-index-player-ratings-dataset-epl-v16-v24,exact,100
216,20230.0,Gökhan İnler,gokhan inler,Gökhan Inler,gokhan inler,gokhan inler,61.0,56.0,89.0,86.0,78.0,74.0,68.0,yarknyorulmaz/fifa-index-player-ratings-dataset-epl-v16-v24,exact,100
217,3631.0,Nathan Dyer,nathan dyer,Nathan Dyer,nathan dyer,nathan dyer,74.0,75.0,75.0,74.0,52.0,70.0,32.0,yarknyorulmaz/fifa-index-player-ratings-dataset-epl-v16-v24,exact,100
218,3310.0,Tom Carroll,tom carroll,Tom Carroll,tom carroll,tom carroll,69.0,57.0,59.0,56.0,58.0,56.0,46.0,yarknyorulmaz/fifa-index-player-ratings-dataset-epl-v16-v24,exact,100
219,3685.0,Jay Rodriguez,jay rodriguez,Jay Rodriguez,jay rodriguez,jay rodriguez,80.0,79.0,75.0,74.0,74.0,71.0,76.0,yarknyorulmaz/fifa-index-player-ratings-dataset-epl-v16-v24,exact,100
220,3300.0,Maya Yoshida,maya yoshida,Maya Yoshida,maya yoshida,maya yoshida,42.0,34.0,50.0,41.0,56.0,54.0,75.0,yarknyorulmaz/fifa-index-player-ratings-dataset-epl-v16-v24,exact,100
221,4632.0,Stephen Ireland,stephen ireland,Stephen Ireland,stephen ireland,stephen ireland,79.0,68.0,62.0,64.0,80.0,66.0,42.0,yarknyorulmaz/fifa-index-player-ratings-dataset-epl-v16-v24,exact,100
222,3389.0,Eliaquim Mangala,eliaquim mangala,Eliaquim Mangala,eliaquim mangala,eliaquim mangala,39.0,27.0,72.0,41.0,44.0,46.0,83.0,yarknyorulmaz/fifa-index-player-ratings-dataset-epl-v16-v24,exact,100
223,6330.0,Adnan Januzaj,adnan januzaj,Adnan Januzaj,adnan januzaj,adnan januzaj,68.0,66.0,58.0,67.0,67.0,60.0,23.0,yarknyorulmaz/fifa-index-player-ratings-dataset-epl-v16-v24,exact,100
224,20067.0,Darron Gibson,darron gibson,Darron Gibson,darron gibson,darron gibson,67.0,57.0,82.0,80.0,66.0,63.0,65.0,yarknyorulmaz/fifa-index-player-ratings-dataset-epl-v16-v24,exact,100
225,3612.0,Ashley Young,ashley young,Ashley Young,ashley young,ashley young,70.0,69.0,77.0,76.0,75.0,65.0,51.0,yarknyorulmaz/fifa-index-player-ratings-dataset-epl-v16-v24,exact,100
226,3504.0,Ruben Loftus-Cheek,ruben loftus cheek,Ruben Loftus-Cheek,ruben loftus cheek,ruben loftus cheek,68.0,61.0,51.0,47.0,31.0,45.0,50.0,yarknyorulmaz/fifa-index-player-ratings-dataset-epl-v16-v24,exact,100
227,4738.0,Lee Tomlin,lee tomlin,Lee Tomlin,lee tomlin,lee tomlin,69.0,74.0,76.0,69.0,57.0,71.0,53.0,yarknyorulmaz/fifa-index-player-ratings-dataset-epl-v16-v24,exact,100
228,3344.0,Andrew Surman,andrew surman,Andrew Surman,andrew surman,andrew surman,65.0,63.0,67.0,65.0,55.0,67.0,59.0,yarknyorulmaz/fifa-index-player-ratings-dataset-epl-v16-v24,exact,100
229,5460.0,Andrej Kramarić,andrej kramaric,Andrej Kramarić,andrej kramaric,andrej kramaric,78.0,76.0,77.0,75.0,73.0,79.0,60.0,yarknyorulmaz/fifa-index-player-ratings-dataset-epl-v16-v24,exact,100
230,3314.0,Phil Jones,phil jones,Phil Jones,phil jones,phil jones,42.0,50.0,68.0,59.0,60.0,55.0,77.0,yarknyorulmaz/fifa-index-player-ratings-dataset-epl-v16-v24,exact,100
231,3349.0,Michail Antonio,michail antonio,Michail Antonio,michail antonio,michail antonio,75.0,73.0,75.0,70.0,68.0,73.0,75.0,yarknyorulmaz/fifa-index-player-ratings-dataset-epl-v16-v24,exact,100
232,4035.0,Ryan Shawcross,ryan shawcross,Ryan Shawcross,ryan shawcross,ryan shawcross,31.0,53.0,44.0,28.0,35.0,48.0,84.0,yarknyorulmaz/fifa-index-player-ratings-dataset-epl-v16-v24,exact,100
233,3482.0,James Collins,james collins,James Collins,james collins,james collins,34.0,38.0,70.0,51.0,36.0,51.0,81.0,yarknyorulmaz/fifa-index-player-ratings-dataset-epl-v16-v24,exact,100
234,3065.0,Paul Dummett,paul dummett,Paul Dummett,paul dummett,paul dummett,55.0,41.0,40.0,35.0,33.0,43.0,72.0,yarknyorulmaz/fifa-index-player-ratings-dataset-epl-v16-v24,exact,100
235,6631.0,Mathieu Flamini,mathieu flamini,Mathieu Flamini,mathieu flamini,mathieu flamini,69.0,60.0,78.0,68.0,73.0,61.0,70.0,yarknyorulmaz/fifa-index-player-ratings-dataset-epl-v16-v24,exact,100
236,3101.0,Vincent Kompany,vincent kompany,Vincent Kompany,vincent kompany,vincent kompany,41.0,45.0,76.0,55.0,46.0,63.0,84.0,yarknyorulmaz/fifa-index-player-ratings-dataset-epl-v16-v24,exact,100
237,3576.0,Martin Olsson,martin olsson,Martin Olsson,martin olsson,martin olsson,69.0,55.0,75.0,64.0,65.0,49.0,64.0,yarknyorulmaz/fifa-index-player-ratings-dataset-epl-v16-v24,exact,100
238,20253.0,Samir Nasri,samir nasri,Samir Nasri,samir nasri,samir nasri,81.0,76.0,75.0,77.0,73.0,77.0,42.0,yarknyorulmaz/fifa-index-player-ratings-dataset-epl-v16-v24,exact,100
239,50245.0,Marouane Chamakh,marouane chamakh,Marouane Chamakh,marouane chamakh,marouane chamakh,77.0,73.0,80.0,72.0,76.0,80.0,79.0,yarknyorulmaz/fifa-index-player-ratings-dataset-epl-v16-v24,exact,100
240,3263.0,Craig Cathcart,craig cathcart,Craig Cathcart,craig cathcart,craig cathcart,27.0,29.0,56.0,41.0,30.0,28.0,74.0,yarknyorulmaz/fifa-index-player-ratings-dataset-epl-v16-v24,exact,100
241,3077.0,Jan Vertonghen,jan vertonghen,Jan Vertonghen,jan vertonghen,jan vertonghen,65.0,60.0,86.0,68.0,52.0,68.0,82.0,yarknyorulmaz/fifa-index-player-ratings-dataset-epl-v16-v24,exact,100
242,3086.0,Ben Davies,ben davies,Ben Davies,ben davies,ben davies,60.0,51.0,53.0,43.0,37.0,54.0,63.0,yarknyorulmaz/fifa-index-player-ratings-dataset-epl-v16-v24,exact,100
243,9641.0,Fraizer Campbell,fraizer campbell,Fraizer Campbell,fraizer campbell,fraizer campbell,72.0,73.0,70.0,62.0,67.0,68.0,68.0,yarknyorulmaz/fifa-index-player-ratings-dataset-epl-v16-v24,exact,100
244,3448.0,Martin Kelly,martin kelly,Martin Kelly,martin kelly,martin kelly,42.0,38.0,66.0,38.0,39.0,58.0,77.0,yarknyorulmaz/fifa-index-player-ratings-dataset-epl-v16-v24,exact,100
245,3309.0,Sebastian Prödl,sebastian prodl,Sebastian Prödl,sebastian prodl,sebastian prodl,37.0,34.0,47.0,32.0,22.0,35.0,85.0,yarknyorulmaz/fifa-index-player-ratings-dataset-epl-v16-v24,exact,100
246,7745.0,Steven Berghuis,steven berghuis,Steven Berghuis,steven berghuis,steven berghuis,74.0,74.0,79.0,83.0,68.0,65.0,59.0,yarknyorulmaz/fifa-index-player-ratings-dataset-epl-v16-v24,exact,100
247,4347.0,Jordan Amavi,jordan amavi,Jordan Amavi,jordan amavi,jordan amavi,65.0,66.0,77.0,62.0,65.0,66.0,69.0,yarknyorulmaz/fifa-index-player-ratings-dataset-epl-v16-v24,exact,100
248,3596.0,Gareth McAuley,gareth mcauley,Gareth McAuley,gareth mcauley,gareth mcauley,45.0,50.0,44.0,30.0,23.0,49.0,81.0,yarknyorulmaz/fifa-index-player-ratings-dataset-epl-v16-v24,exact,100
249,3311.0,Daley Blind,daley blind,Daley Blind,daley blind,daley blind,66.0,46.0,68.0,64.0,62.0,56.0,69.0,yarknyorulmaz/fifa-index-player-ratings-dataset-epl-v16-v24,exact,100
250,3382.0,Luke Shaw,luke shaw,Luke Shaw,luke shaw,luke shaw,69.0,32.0,50.0,42.0,31.0,53.0,67.0,yarknyorulmaz/fifa-index-player-ratings-dataset-epl-v16-v24,exact,100
251,3058.0,Javier Hernández Balcázar,javier hernandez balcazar,Javier Hernández,javier hernandez,javier hernandez balcazar,88.0,89.0,75.0,69.0,79.0,80.0,82.0,manual_fifa_index,exact,100
252,20046.0,Phil Jagielka,phil jagielka,Phil Jagielka,phil jagielka,phil jagielka,51.0,30.0,69.0,54.0,44.0,68.0,79.0,yarknyorulmaz/fifa-index-player-ratings-dataset-epl-v16-v24,exact,100
253,13573.0,Yann Kermorgant,yann kermorgant,Yann Kermorgant,yann kermorgant,yann kermorgant,66.0,73.0,75.0,70.0,73.0,71.0,78.0,manual_fifa_index,exact,100
254,5556.0,Miguel Arturo Layún Prado,miguel arturo layun prado,Miguel Layún,miguel layun,miguel arturo layun prado,76.0,68.0,80.0,77.0,68.0,75.0,56.0,manual_fifa_index,exact,100
255,8520.0,Nabil Bentaleb,nabil bentaleb,Nabil Bentaleb,nabil bentaleb,nabil bentaleb,68.0,58.0,74.0,72.0,63.0,58.0,48.0,yarknyorulmaz/fifa-index-player-ratings-dataset-epl-v16-v24,exact,100
256,4808.0,Andre Wisdom,andre wisdom,Andre Wisdom,andre wisdom,andre wisdom,59.0,24.0,34.0,28.0,32.0,43.0,72.0,yarknyorulmaz/fifa-index-player-ratings-dataset-epl-v16-v24,exact,100
257,3308.0,Kieran Trippier,kieran trippier,Kieran Trippier,kieran trippier,kieran trippier,59.0,45.0,77.0,66.0,44.0,39.0,70.0,yarknyorulmaz/fifa-index-player-ratings-dataset-epl-v16-v24,exact,100
258,4631.0,Leon Britton,leon britton,Leon Britton,leon britton,leon britton,55.0,55.0,51.0,48.0,47.0,59.0,41.0,yarknyorulmaz/fifa-index-player-ratings-dataset-epl-v16-v24,exact,100
259,3316.0,James Tomkins,james tomkins,James Tomkins,james tomkins,james tomkins,45.0,29.0,40.0,29.0,28.0,43.0,78.0,yarknyorulmaz/fifa-index-player-ratings-dataset-epl-v16-v24,exact,100
260,24743.0,Gary Hooper,gary hooper,Gary Hooper,gary hooper,gary hooper,75.0,77.0,77.0,67.0,67.0,72.0,74.0,manual_fifa_index,exact,100
261,43757.0,Yoan Gouffran,yoan gouffran,Yoan Gouffran,yoan gouffran,yoan gouffran,74.0,76.0,77.0,66.0,75.0,77.0,76.0,yarknyorulmaz/fifa-index-player-ratings-dataset-epl-v16-v24,exact,100
262,3643.0,Phil Bardsley,phil bardsley,Phil Bardsley,phil bardsley,phil bardsley,56.0,47.0,83.0,66.0,43.0,56.0,67.0,yarknyorulmaz/fifa-index-player-ratings-dataset-epl-v16-v24,exact,100
263,16181.0,Jordy Clasie,jordy clasie,Jordy Clasie,jordy clasie,jordy clasie,65.0,26.0,77.0,71.0,73.0,64.0,27.0,yarknyorulmaz/fifa-index-player-ratings-dataset-epl-v16-v24,exact,100
264,3475.0,Per Mertesacker,per mertesacker,Per Mertesacker,per mertesacker,per mertesacker,43.0,36.0,71.0,25.0,30.0,42.0,87.0,yarknyorulmaz/fifa-index-player-ratings-dataset-epl-v16-v24,exact,100
265,42702.0,Modibo Maïga,modibo maiga,Modibo Maïga,modibo maiga,modibo maiga,64.0,68.0,68.0,62.0,65.0,57.0,67.0,manual_fifa_index,exact,100
266,3725.0,José Holebas,jose holebas,Jose Holebas,jose holebas,jose holebas,71.0,61.0,88.0,82.0,50.0,57.0,74.0,yarknyorulmaz/fifa-index-player-ratings-dataset-epl-v16-v24,exact,100
267,5689.0,Juan Guillermo Cuadrado Bello,juan guillermo cuadrado bello,Juan Cuadrado,juan cuadrado,juan guillermo cuadrado bello,77.0,75.0,74.0,78.0,67.0,68.0,44.0,manual_fifa_index,exact,100
268,3651.0,Matt Targett,matt targett,Matt Targett,matt targett,matt targett,49.0,36.0,34.0,38.0,37.0,51.0,56.0,yarknyorulmaz/fifa-index-player-ratings-dataset-epl-v16-v24,exact,100
269,19847.0,Alessandro Diamanti,alessandro diamanti,Alessandro Diamanti,alessandro diamanti,alessandro diamanti,78.0,71.0,83.0,80.0,73.0,65.0,58.0,manual_fifa_index,exact,100
270,8400.0,Serge Gnabry,serge gnabry,Serge Gnabry,serge gnabry,serge gnabry,65.0,58.0,65.0,59.0,45.0,66.0,47.0,yarknyorulmaz/fifa-index-player-ratings-dataset-epl-v16-v24,exact,100
272,13846.0,Jan Kirchhoff,jan kirchhoff,Jan Kirchhoff,jan kirchhoff,jan kirchhoff,37.0,33.0,48.0,41.0,36.0,43.0,84.0,yarknyorulmaz/fifa-index-player-ratings-dataset-epl-v16-v24,exact,100
273,13286.0,Lamine Koné,lamine kone,Lamine Koné,lamine kone,lamine kone,54.0,34.0,42.0,29.0,29.0,31.0,78.0,yarknyorulmaz/fifa-index-player-ratings-dataset-epl-v16-v24,exact,100
274,3302.0,Nordin Amrabat,nordin amrabat,Nordin Amrabat,nordin amrabat,nordin amrabat,77.0,76.0,81.0,72.0,73.0,77.0,68.0,yarknyorulmaz/fifa-index-player-ratings-dataset-epl-v16-v24,exact,100
275,3647.0,Alex Iwobi,alex iwobi,Alex Iwobi,alex iwobi,alex iwobi,68.0,63.0,60.0,48.0,48.0,56.0,42.0,yarknyorulmaz/fifa-index-player-ratings-dataset-epl-v16-v24,exact,100
276,3476.0,Muhamed Bešić,muhamed besic,Muhamed Bešić,muhamed besic,muhamed besic,46.0,51.0,55.0,48.0,41.0,48.0,67.0,yarknyorulmaz/fifa-index-player-ratings-dataset-epl-v16-v24,exact,100
277,28247.0,Libor Kozák,libor kozak,Libor Kozák,libor kozak,libor kozak,80.0,82.0,75.0,54.0,75.0,76.0,88.0,yarknyorulmaz/fifa-index-player-ratings-dataset-epl-v16-v24,exact,100
278,27146.0,Aly Cissokho,aly cissokho,Aly Cissokho,aly cissokho,aly cissokho,56.0,56.0,76.0,55.0,54.0,48.0,67.0,yarknyorulmaz/fifa-index-player-ratings-dataset-epl-v16-v24,exact,100
279,3966.0,Charlie Austin,charlie austin,Charlie Austin,charlie austin,charlie austin,83.0,82.0,83.0,71.0,72.0,77.0,81.0,yarknyorulmaz/fifa-index-player-ratings-dataset-epl-v16-v24,exact,100
280,4040.0,Peter Crouch,peter crouch,Peter Crouch,peter crouch,peter crouch,80.0,77.0,75.0,71.0,80.0,74.0,83.0,yarknyorulmaz/fifa-index-player-ratings-dataset-epl-v16-v24,exact,100
281,6950.0,Alberto Paloschi,alberto paloschi,Alberto Paloschi,alberto paloschi,alberto paloschi,86.0,83.0,73.0,41.0,77.0,79.0,77.0,yarknyorulmaz/fifa-index-player-ratings-dataset-epl-v16-v24,exact,100
282,43591.0,Marvin Emnes,marvin emnes,Marvin Emnes,marvin emnes,marvin emnes,75.0,63.0,76.0,60.0,61.0,66.0,54.0,yarknyorulmaz/fifa-index-player-ratings-dataset-epl-v16-v24,exact,100
283,4700.0,Matthew Pennington,matthew pennington,Matthew Pennington,matthew pennington,matthew pennington,31.0,30.0,44.0,26.0,36.0,48.0,64.0,yarknyorulmaz/fifa-index-player-ratings-dataset-epl-v16-v24,exact,100
284,42947.0,Leon Osman,leon osman,Leon Osman,leon osman,leon osman,72.0,71.0,75.0,76.0,80.0,69.0,71.0,yarknyorulmaz/fifa-index-player-ratings-dataset-epl-v16-v24,exact,100
285,4116.0,Sullay Kaikai,sullay kaikai,Sullay Kaikai,sullay kaikai,sullay kaikai,57.0,70.0,65.0,66.0,59.0,53.0,32.0,yarknyorulmaz/fifa-index-player-ratings-dataset-epl-v16-v24,exact,100
286,3165.0,Emmanuel Rivière,emmanuel riviere,Emmanuel Rivière,emmanuel riviere,emmanuel riviere,68.0,69.0,77.0,67.0,71.0,66.0,74.0,yarknyorulmaz/fifa-index-player-ratings-dataset-epl-v16-v24,exact,100
287,9461.0,Timm Klose,timm klose,Timm Klose,timm klose,timm klose,45.0,33.0,64.0,40.0,33.0,41.0,83.0,yarknyorulmaz/fifa-index-player-ratings-dataset-epl-v16-v24,exact,100
288,5836.0,Bryan Oviedo,bryan oviedo,Bryan Oviedo,bryan oviedo,bryan oviedo,66.0,61.0,66.0,59.0,58.0,56.0,48.0,yarknyorulmaz/fifa-index-player-ratings-dataset-epl-v16-v24,exact,100
289,3312.0,Demarai Gray,demarai gray,Demarai Gray,demarai gray,demarai gray,57.0,65.0,67.0,63.0,50.0,58.0,31.0,yarknyorulmaz/fifa-index-player-ratings-dataset-epl-v16-v24,exact,100
290,12325.0,Abdul Rahman Baba,abdul rahman baba,Abdul Rahman Baba,abdul rahman baba,abdul rahman baba,56.0,48.0,59.0,47.0,41.0,42.0,67.0,yarknyorulmaz/fifa-index-player-ratings-dataset-epl-v16-v24,exact,100
291,3611.0,Kevin Wimmer,kevin wimmer,Kevin Wimmer,kevin wimmer,kevin wimmer,30.0,21.0,40.0,25.0,27.0,35.0,75.0,yarknyorulmaz/fifa-index-player-ratings-dataset-epl-v16-v24,exact,100
292,3318.0,Marcus Rashford,marcus rashford,Marcus Rashford,marcus rashford,marcus rashford,73.0,70.0,67.0,58.0,51.0,74.0,63.0,yarknyorulmaz/fifa-index-player-ratings-dataset-epl-v16-v24,exact,100
293,20302.0,Gaël Clichy,gael clichy,Gaël Clichy,gael clichy,gael clichy,66.0,34.0,52.0,43.0,59.0,45.0,70.0,yarknyorulmaz/fifa-index-player-ratings-dataset-epl-v16-v24,exact,100
294,5540.0,Valon Behrami,valon behrami,Valon Behrami,valon behrami,valon behrami,63.0,56.0,76.0,69.0,69.0,72.0,68.0,yarknyorulmaz/fifa-index-player-ratings-dataset-epl-v16-v24,exact,100
295,3652.0,Tom Davies,tom davies,Tom Davies,tom davies,tom davies,47.0,32.0,48.0,39.0,40.0,42.0,50.0,yarknyorulmaz/fifa-index-player-ratings-dataset-epl-v16-v24,exact,100
296,3542.0,Jonjoe Kenny,jonjoe kenny,Jonjoe Kenny,jonjoe kenny,jonjoe kenny,35.0,28.0,44.0,30.0,33.0,51.0,62.0,yarknyorulmaz/fifa-index-player-ratings-dataset-epl-v16-v24,exact,100
297,3709.0,Daniel Amartey,daniel amartey,Daniel Amartey,daniel amartey,daniel amartey,42.0,46.0,84.0,73.0,66.0,51.0,67.0,yarknyorulmaz/fifa-index-player-ratings-dataset-epl-v16-v24,exact,100
298,40125.0,Steven Pienaar,steven pienaar,Steven Pienaar,steven pienaar,steven pienaar,74.0,67.0,76.0,73.0,73.0,63.0,56.0,yarknyorulmaz/fifa-index-player-ratings-dataset-epl-v16-v24,exact,100
299,4817.0,Joe Ledley,joe ledley,Joe Ledley,joe ledley,joe ledley,69.0,64.0,70.0,67.0,53.0,71.0,73.0,yarknyorulmaz/fifa-index-player-ratings-dataset-epl-v16-v24,exact,100
300,3722.0,Steven Taylor,steven taylor,Steven Taylor,steven taylor,steven taylor,20.0,32.0,43.0,24.0,59.0,46.0,74.0,manual_fifa_index,exact,100
301,4273.0,Reece Oxford,reece oxford,Reece Oxford,reece oxford,reece oxford,34.0,22.0,49.0,37.0,36.0,48.0,64.0,yarknyorulmaz/fifa-index-player-ratings-dataset-epl-v16-v24,exact,100
302,20066.0,Darren Randolph,darren randolph,Darren Randolph,darren randolph,darren randolph,11.0,14.0,36.0,14.0,16.0,30.0,16.0,yarknyorulmaz/fifa-index-player-ratings-dataset-epl-v16-v24,exact,100
303,20951.0,Jordan Lyden,jordan lyden,Jordan Lyden,jordan lyden,jordan lyden,55.0,46.0,57.0,49.0,43.0,50.0,61.0,yarknyorulmaz/fifa-index-player-ratings-dataset-epl-v16-v24,exact,100
304,9626.0,Tommy Elphick,tommy elphick,Tommy Elphick,tommy elphick,tommy elphick,26.0,32.0,55.0,43.0,13.0,29.0,74.0,yarknyorulmaz/fifa-index-player-ratings-dataset-epl-v16-v24,exact,100
305,9629.0,Stephen Kingsley,stephen kingsley,Stephen Kingsley,stephen kingsley,stephen kingsley,41.0,23.0,33.0,29.0,19.0,46.0,58.0,yarknyorulmaz/fifa-index-player-ratings-dataset-epl-v16-v24,exact,100
306,9630.0,Andre Green,andre green,André Green,andre green,andre green,57.0,61.0,64.0,46.0,50.0,61.0,50.0,yarknyorulmaz/fifa-index-player-ratings-dataset-epl-v16-v24,exact,100
308,3391.0,Rolando Aarons,rolando aarons,Rolando Aarons,rolando aarons,rolando aarons,60.0,62.0,70.0,55.0,55.0,59.0,51.0,yarknyorulmaz/fifa-index-player-ratings-dataset-epl-v16-v24,exact,100
309,10779.0,Cameron Borthwick-Jackson,cameron borthwick jackson,Cameron Borthwick-Jackson,cameron borthwick jackson,cameron borthwick jackson,43.0,34.0,45.0,35.0,39.0,46.0,65.0,yarknyorulmaz/fifa-index-player-ratings-dataset-epl-v16-v24,exact,100
310,3656.0,Alex Pritchard,alex pritchard,Alex Pritchard,alex pritchard,alex pritchard,70.0,67.0,70.0,68.0,51.0,66.0,44.0,yarknyorulmaz/fifa-index-player-ratings-dataset-epl-v16-v24,exact,100
311,9070.0,Hiram Boateng,hiram boateng,Hiram Boateng,hiram boateng,hiram boateng,54.0,43.0,62.0,52.0,39.0,41.0,60.0,yarknyorulmaz/fifa-index-player-ratings-dataset-epl-v16-v24,exact,100
312,3262.0,Łukasz Fabiański,ukasz fabianski,Łukasz Fabiański,ukasz fabianski,ukasz fabianski,15.0,13.0,14.0,20.0,17.0,22.0,11.0,yarknyorulmaz/fifa-index-player-ratings-dataset-epl-v16-v24,exact,100
313,4428.0,Mathieu Debuchy,mathieu debuchy,Mathieu Debuchy,mathieu debuchy,mathieu debuchy,64.0,59.0,74.0,68.0,62.0,66.0,75.0,manual_fifa_index,exact,100
315,3671.0,José Leonardo Ulloa,jose leonardo ulloa,Leonardo Ulloa,leonardo ulloa,leonardo ulloa,77.0,74.0,76.0,62.0,72.0,67.0,83.0,yarknyorulmaz/fifa-index-player-ratings-dataset-epl-v16-v24,manual,100
317,3961.0,N'Golo Kanté,n'golo kante,N'Golo Kanté,n'golo kante,n'golo kante,68.0,65.0,72.0,66.0,56.0,54.0,54.0,yarknyorulmaz/fifa-index-player-ratings-dataset-epl-v16-v24,manual,100
319,4429.0,Yann Gérard M'Vila,yann gerard m'vila,Yann M'Vila,yann m'vila,yann m'vila,41.0,56.0,68.0,67.0,56.0,68.0,61.0,yarknyorulmaz/fifa-index-player-ratings-dataset-epl-v16-v24,manual,100
320,43627.0,Jordi Gómez García-Penche,jordi gomez garcia penche,Jordi Gómez,jordi gomez,jordi gomez,68.0,68.0,76.0,75.0,65.0,82.0,46.0,yarknyorulmaz/fifa-index-player-ratings-dataset-epl-v16-v24,manual,100
321,4041.0,José Salomón Rondón Giménez,jose salomon rondon gimenez,Salomón Rondón,salomon rondon,salomon rondon,82.0,80.0,85.0,70.0,73.0,62.0,86.0,yarknyorulmaz/fifa-index-player-ratings-dataset-epl-v16-v24,manual,100
322,3967.0,Claudio Ariel Yacob,claudio ariel yacob,Claudio Yacob,claudio yacob,claudio yacob,42.0,58.0,63.0,67.0,23.0,66.0,78.0,yarknyorulmaz/fifa-index-player-ratings-dataset-epl-v16-v24,manual,100
323,3436.0,Idrissa Gana Gueye,idrissa gana gueye,Idrissa Gueye,idrissa gueye,idrissa gueye,67.0,47.0,80.0,66.0,31.0,54.0,67.0,yarknyorulmaz/fifa-index-player-ratings-dataset-epl-v16-v24,manual,100
324,8061.0,Siem Stefan de Jong,siem stefan de jong,Siem de Jong,siem de jong,siem de jong,83.0,78.0,82.0,80.0,82.0,74.0,84.0,yarknyorulmaz/fifa-index-player-ratings-dataset-epl-v16-v24,manual,100
325,5685.0,Carlos Alberto Sánchez Moreno,carlos alberto sanchez moreno,Carlos Sánchez,carlos sanchez,carlos sanchez,57.0,47.0,72.0,73.0,43.0,62.0,70.0,yarknyorulmaz/fifa-index-player-ratings-dataset-epl-v16-v24,manual,100
326,3076.0,Ayoze Pérez Gutiérrez,ayoze perez gutierrez,Ayoze Pérez,ayoze perez,ayoze perez,81.0,78.0,63.0,62.0,78.0,73.0,65.0,yarknyorulmaz/fifa-index-player-ratings-dataset-epl-v16-v24,manual,100
327,3442.0,El-Hadji Baye Oumar Niasse,el hadji baye oumar niasse,Oumar Niasse,oumar niasse,oumar niasse,75.0,79.0,80.0,71.0,74.0,67.0,75.0,yarknyorulmaz/fifa-index-player-ratings-dataset-epl-v16-v24,manual,100
328,4884.0,Pape N''Diaye Souaré,pape n''diaye souare,Pape Souaré,pape souare,pape souare,70.0,39.0,65.0,54.0,43.0,49.0,77.0,yarknyorulmaz/fifa-index-player-ratings-dataset-epl-v16-v24,manual,100
329,5458.0,Odion Jude Ighalo,odion jude ighalo,Odion Ighalo,odion ighalo,odion ighalo,84.0,79.0,73.0,62.0,70.0,63.0,74.0,yarknyorulmaz/fifa-index-player-ratings-dataset-epl-v16-v24,manual,100
330,3326.0,Chung-Yong Lee,chung yong lee,Lee Chung Yong,lee chung yong,lee chung yong,70.0,62.0,65.0,62.0,66.0,63.0,71.0,yarknyorulmaz/fifa-index-player-ratings-dataset-epl-v16-v24,manual,100
331,6746.0,Gabriel Armando de Abreu,gabriel armando de abreu,Gabriel,gabriel,gabriel,51.0,51.0,61.0,57.0,48.0,51.0,77.0,yarknyorulmaz/fifa-index-player-ratings-dataset-epl-v16-v24,manual,100
332,3385.0,Alexis Alejandro Sánchez Sánchez,alexis alejandro sanchez sanchez,Alexis Sánchez,alexis sanchez,alexis sanchez,85.0,83.0,82.0,79.0,78.0,77.0,65.0,yarknyorulmaz/fifa-index-player-ratings-dataset-epl-v16-v24,manual,100
333,3511.0,Héctor Bellerín Moruno,hector bellerin moruno,Héctor Bellerín,hector bellerin,hector bellerin,67.0,52.0,52.0,43.0,41.0,62.0,60.0,yarknyorulmaz/fifa-index-player-ratings-dataset-epl-v16-v24,manual,100
334,3568.0,Mohamed Naser Elsayed Elneny,mohamed naser elsayed elneny,Mohamed Elneny,mohamed elneny,mohamed elneny,63.0,65.0,73.0,74.0,39.0,62.0,57.0,yarknyorulmaz/fifa-index-player-ratings-dataset-epl-v16-v24,manual,100
335,11386.0,Santiago Cazorla González,santiago cazorla gonzalez,Santi Cazorla,santi cazorla,santi cazorla,82.0,77.0,78.0,82.0,72.0,80.0,58.0,yarknyorulmaz/fifa-index-player-ratings-dataset-epl-v16-v24,manual,100
336,13200.0,Oluwaseyi Babajide Ojo,oluwaseyi babajide ojo,Sheyi Ojo,sheyi ojo,sheyi ojo,58.0,63.0,56.0,56.0,44.0,66.0,44.0,yarknyorulmaz/fifa-index-player-ratings-dataset-epl-v16-v24,manual,100
337,3380.0,Christian Benteke Liolo,christian benteke liolo,Christian Benteke,christian benteke,christian benteke,76.0,81.0,85.0,76.0,74.0,77.0,85.0,yarknyorulmaz/fifa-index-player-ratings-dataset-epl-v16-v24,manual,100
338,3043.0,Christian Dannemann Eriksen,christian dannemann eriksen,Christian Eriksen,christian eriksen,christian eriksen,76.0,75.0,78.0,77.0,69.0,67.0,52.0,yarknyorulmaz/fifa-index-player-ratings-dataset-epl-v16-v24,manual,100
339,3094.0,Bamidele Alli,bamidele alli,Dele Alli,dele alli,dele alli,81.0,75.0,75.0,74.0,71.0,52.0,60.0,yarknyorulmaz/fifa-index-player-ratings-dataset-epl-v16-v24,manual,100
340,3237.0,Sergio Leonel Agüero del Castillo,sergio leonel aguero del castillo,Sergio Agüero,sergio aguero,sergio aguero,91.0,90.0,87.0,84.0,85.0,83.0,68.0,yarknyorulmaz/fifa-index-player-ratings-dataset-epl-v16-v24,manual,100
341,3090.0,Nicolás Hernán Otamendi,nicolas hernan otamendi,Nicolás Otamendi,nicolas otamendi,nicolas otamendi,49.0,53.0,69.0,56.0,56.0,44.0,86.0,yarknyorulmaz/fifa-index-player-ratings-dataset-epl-v16-v24,manual,100
342,3087.0,Gnégnéri Yaya Touré,gnegneri yaya toure,Yaya Touré,yaya toure,yaya toure,81.0,82.0,86.0,84.0,68.0,85.0,74.0,yarknyorulmaz/fifa-index-player-ratings-dataset-epl-v16-v24,manual,100
343,3054.0,Fernando Luiz Roza,fernando luiz roza,Fernandinho,fernandinho,fernandinho,68.0,70.0,83.0,81.0,76.0,61.0,55.0,yarknyorulmaz/fifa-index-player-ratings-dataset-epl-v16-v24,manual,100
344,3598.0,Wilfried Guemiand Bony,wilfried guemiand bony,Wilfried Bony,wilfried bony,wilfried bony,83.0,83.0,85.0,80.0,76.0,77.0,84.0,yarknyorulmaz/fifa-index-player-ratings-dataset-epl-v16-v24,manual,100
345,3589.0,Yannick Bolasie Yala,yannick bolasie yala,Yannick Bolasie,yannick bolasie,yannick bolasie,69.0,64.0,81.0,71.0,51.0,65.0,51.0,yarknyorulmaz/fifa-index-player-ratings-dataset-epl-v16-v24,manual,100
346,3289.0,Romelu Lukaku Menama,romelu lukaku menama,Romelu Lukaku,romelu lukaku,romelu lukaku,84.0,84.0,86.0,76.0,71.0,80.0,80.0,yarknyorulmaz/fifa-index-player-ratings-dataset-epl-v16-v24,manual,100
347,3958.0,Pedro Eliezer Rodríguez Ledesma,pedro eliezer rodriguez ledesma,Pedro,pedro,pedro,84.0,80.0,71.0,73.0,70.0,66.0,55.0,yarknyorulmaz/fifa-index-player-ratings-dataset-epl-v16-v24,manual,100
348,23488.0,Mario Suárez Mata,mario suarez mata,Mario Suárez,mario suarez,mario suarez,74.0,64.0,80.0,70.0,43.0,69.0,69.0,yarknyorulmaz/fifa-index-player-ratings-dataset-epl-v16-v24,manual,100
349,3654.0,Daniel William John Ings,daniel william john ings,Danny Ings,danny ings,danny ings,79.0,79.0,73.0,67.0,66.0,68.0,71.0,yarknyorulmaz/fifa-index-player-ratings-dataset-epl-v16-v24,manual,100
350,3462.0,Jack Frank Porteous Cork,jack frank porteous cork,Jack Cork,jack cork,jack cork,65.0,54.0,57.0,45.0,60.0,47.0,69.0,yarknyorulmaz/fifa-index-player-ratings-dataset-epl-v16-v24,manual,100
352,4629.0,José Ramiro Funes Mori,jose ramiro funes mori,Ramiro Funes Mori,ramiro funes mori,ramiro funes mori,49.0,27.0,69.0,59.0,25.0,52.0,77.0,yarknyorulmaz/fifa-index-player-ratings-dataset-epl-v16-v24,manual,100
353,9463.0,Alexander Banor Tettey,alexander banor tettey,Alexander Tettey,alexander tettey,alexander tettey,66.0,64.0,86.0,77.0,68.0,59.0,65.0,yarknyorulmaz/fifa-index-player-ratings-dataset-epl-v16-v24,manual,100
354,10967.0,Robert Brady,robert brady,Robbie Brady,robbie brady,robbie brady,70.0,66.0,75.0,74.0,62.0,65.0,53.0,yarknyorulmaz/fifa-index-player-ratings-dataset-epl-v16-v24,manual,100
355,16295.0,Dame N''Doye,dame n''doye,Dame N'Doye,dame n'doye,dame n'doye,79.0,75.0,83.0,74.0,71.0,60.0,77.0,yarknyorulmaz/fifa-index-player-ratings-dataset-epl-v16-v24,manual,100
356,9452.0,Gary O''Neil,gary o''neil,Gary O'Neil,gary o'neil,gary o'neil,58.0,65.0,67.0,67.0,65.0,64.0,54.0,yarknyorulmaz/fifa-index-player-ratings-dataset-epl-v16-v24,manual,100
357,3529.0,Daniel Andre Sturridge,daniel andre sturridge,Daniel Sturridge,daniel sturridge,daniel sturridge,84.0,85.0,83.0,83.0,76.0,75.0,73.0,yarknyorulmaz/fifa-index-player-ratings-dataset-epl-v16-v24,manual,100
358,3535.0,Roberto Firmino Barbosa de Oliveira,roberto firmino barbosa de oliveira,Roberto Firmino,roberto firmino,roberto firmino,81.0,82.0,79.0,79.0,78.0,72.0,71.0,yarknyorulmaz/fifa-index-player-ratings-dataset-epl-v16-v24,manual,100
359,3501.0,Philippe Coutinho Correia,philippe coutinho correia,Coutinho,coutinho,coutinho,76.0,70.0,79.0,80.0,75.0,64.0,47.0,yarknyorulmaz/fifa-index-player-ratings-dataset-epl-v16-v24,manual,100
360,4090.0,Adam David Lallana,adam david lallana,Adam Lallana,adam lallana,adam lallana,76.0,73.0,68.0,72.0,72.0,70.0,67.0,yarknyorulmaz/fifa-index-player-ratings-dataset-epl-v16-v24,manual,100
361,2956.0,Bertrand Isidore Traoré,bertrand isidore traore,Bertrand Traoré,bertrand traore,bertrand traore,70.0,74.0,78.0,76.0,76.0,66.0,55.0,yarknyorulmaz/fifa-index-player-ratings-dataset-epl-v16-v24,manual,100
362,3472.0,Willian Borges da Silva,willian borges da silva,Willian,willian,willian,78.0,75.0,71.0,80.0,59.0,60.0,29.0,yarknyorulmaz/fifa-index-player-ratings-dataset-epl-v16-v24,manual,100
363,3478.0,Francesc Fàbregas i Soler,francesc fabregas i soler,Cesc Fàbregas,cesc fabregas,cesc fabregas,80.0,76.0,77.0,78.0,81.0,80.0,74.0,yarknyorulmaz/fifa-index-player-ratings-dataset-epl-v16-v24,manual,100
364,38412.0,Kolo Habib Touré,kolo habib toure,Kolo Touré,kolo toure,kolo toure,46.0,56.0,78.0,66.0,36.0,57.0,77.0,yarknyorulmaz/fifa-index-player-ratings-dataset-epl-v16-v24,manual,100
365,4590.0,Nathaniel Edwin Clyne,nathaniel edwin clyne,Nathaniel Clyne,nathaniel clyne,nathaniel clyne,64.0,54.0,74.0,69.0,45.0,46.0,66.0,yarknyorulmaz/fifa-index-player-ratings-dataset-epl-v16-v24,manual,100
366,3473.0,James Philip Milner,james philip milner,James Milner,james milner,james milner,77.0,68.0,87.0,81.0,79.0,81.0,69.0,yarknyorulmaz/fifa-index-player-ratings-dataset-epl-v16-v24,manual,100
367,3532.0,Jordan Brian Henderson,jordan brian henderson,Jordan Henderson,jordan henderson,jordan henderson,74.0,67.0,75.0,71.0,72.0,64.0,65.0,yarknyorulmaz/fifa-index-player-ratings-dataset-epl-v16-v24,manual,100
368,4913.0,Bojan Krkíc Pérez,bojan krkic perez,Bojan,bojan,bojan,76.0,71.0,77.0,74.0,79.0,68.0,42.0,yarknyorulmaz/fifa-index-player-ratings-dataset-epl-v16-v24,manual,100
369,3606.0,Ander Herrera Agüera,ander herrera aguera,Ander Herrera,ander herrera,ander herrera,80.0,71.0,70.0,74.0,67.0,79.0,58.0,yarknyorulmaz/fifa-index-player-ratings-dataset-epl-v16-v24,manual,100
370,3296.0,Marouane Fellaini-Bakkioui,marouane fellaini bakkioui,Marouane Fellaini,marouane fellaini,marouane fellaini,78.0,73.0,75.0,72.0,71.0,64.0,91.0,yarknyorulmaz/fifa-index-player-ratings-dataset-epl-v16-v24,manual,100
371,3294.0,Juan Manuel Mata García,juan manuel mata garcia,Juan Mata,juan mata,juan mata,84.0,77.0,74.0,72.0,71.0,81.0,63.0,yarknyorulmaz/fifa-index-player-ratings-dataset-epl-v16-v24,manual,100
372,36983.0,Juan Carlos Paredes Reasco,juan carlos paredes reasco,Juan Carlos Paredes,juan carlos paredes,juan carlos paredes,40.0,33.0,66.0,59.0,43.0,52.0,57.0,yarknyorulmaz/fifa-index-player-ratings-dataset-epl-v16-v24,manual,100
373,5198.0,Diego da Silva Costa,diego da silva costa,Diego Costa,diego costa,diego costa,88.0,88.0,83.0,69.0,81.0,76.0,82.0,yarknyorulmaz/fifa-index-player-ratings-dataset-epl-v16-v24,manual,100
374,40122.0,Oscar dos Santos Emboaba Júnior,oscar dos santos emboaba junior,Oscar,oscar,oscar,81.0,75.0,76.0,77.0,63.0,68.0,54.0,yarknyorulmaz/fifa-index-player-ratings-dataset-epl-v16-v24,manual,100
375,3603.0,Mame Biram Diouf,mame biram diouf,Mame Diouf,mame diouf,mame diouf,78.0,80.0,80.0,64.0,71.0,75.0,87.0,yarknyorulmaz/fifa-index-player-ratings-dataset-epl-v16-v24,manual,100
376,5264.0,Guillermo Varela Olivera,guillermo varela olivera,Guillermo Varela,guillermo varela,guillermo varela,49.0,30.0,37.0,30.0,38.0,46.0,60.0,yarknyorulmaz/fifa-index-player-ratings-dataset-epl-v16-v24,manual,100
377,3843.0,Angelo Obinze Ogbonna,angelo obinze ogbonna,Angelo Ogbonna,angelo ogbonna,angelo ogbonna,30.0,25.0,71.0,46.0,30.0,39.0,78.0,yarknyorulmaz/fifa-index-player-ratings-dataset-epl-v16-v24,manual,100
378,3515.0,Alberto Moreno Pérez,alberto moreno perez,Alberto Moreno,alberto moreno,alberto moreno,73.0,65.0,73.0,70.0,35.0,54.0,61.0,yarknyorulmaz/fifa-index-player-ratings-dataset-epl-v16-v24,manual,100
379,4747.0,Divock Okoth Origi,divock okoth origi,Divock Origi,divock origi,divock origi,77.0,76.0,77.0,69.0,70.0,55.0,70.0,yarknyorulmaz/fifa-index-player-ratings-dataset-epl-v16-v24,manual,100
380,13248.0,Eunan O''Kane,eunan o''kane,Eunan O'Kane,eunan o'kane,eunan o'kane,63.0,49.0,60.0,53.0,28.0,56.0,47.0,yarknyorulmaz/fifa-index-player-ratings-dataset-epl-v16-v24,manual,100
381,6300.0,Sebastián Coates Nión,sebastian coates nion,Sebastián Coates,sebastian coates,sebastian coates,33.0,23.0,63.0,27.0,60.0,42.0,75.0,yarknyorulmaz/fifa-index-player-ratings-dataset-epl-v16-v24,manual,100
382,3347.0,André Ayew Pelé,andre ayew pele,André Ayew,andre ayew,andre ayew,75.0,73.0,75.0,75.0,65.0,71.0,80.0,yarknyorulmaz/fifa-index-player-ratings-dataset-epl-v16-v24,manual,100
383,3605.0,Sung-Yeung Ki,sung yeung ki,Ki Sung Yueng,ki sung yueng,ki sung yueng,75.0,73.0,83.0,73.0,55.0,76.0,71.0,yarknyorulmaz/fifa-index-player-ratings-dataset-epl-v16-v24,manual,100
384,3944.0,Gylfi Þór Sigurðsson,gylfi or sigursson,Gylfi Sigurðsson,gylfi sigursson,gylfi sigursson,80.0,81.0,82.0,83.0,74.0,80.0,60.0,yarknyorulmaz/fifa-index-player-ratings-dataset-epl-v16-v24,manual,100
385,3272.0,Oriol Romeu Vidal,oriol romeu vidal,Oriol Romeu,oriol romeu,oriol romeu,50.0,25.0,60.0,43.0,22.0,54.0,65.0,yarknyorulmaz/fifa-index-player-ratings-dataset-epl-v16-v24,manual,100
386,9578.0,Jonathan Howson,jonathan howson,Jonny Howson,jonny howson,jonny howson,71.0,68.0,75.0,77.0,60.0,71.0,45.0,yarknyorulmaz/fifa-index-player-ratings-dataset-epl-v16-v24,manual,100
387,3498.0,Ignacio Monreal Eraso,ignacio monreal eraso,Nacho Monreal,nacho monreal,nacho monreal,61.0,39.0,71.0,61.0,56.0,61.0,67.0,yarknyorulmaz/fifa-index-player-ratings-dataset-epl-v16-v24,manual,100
388,5581.0,Joel Nathaniel Campbell Samuels,joel nathaniel campbell samuels,Joel Campbell,joel campbell,joel campbell,75.0,70.0,82.0,74.0,64.0,75.0,52.0,yarknyorulmaz/fifa-index-player-ratings-dataset-epl-v16-v24,manual,100
389,3602.0,Faustino Marcos Alberto Rojo,faustino marcos alberto rojo,Marcos Rojo,marcos rojo,marcos rojo,59.0,52.0,79.0,63.0,49.0,64.0,83.0,yarknyorulmaz/fifa-index-player-ratings-dataset-epl-v16-v24,manual,100
390,6821.0,Jesús Navas González,jesus navas gonzalez,Jesús Navas,jesus navas,jesus navas,74.0,66.0,75.0,74.0,79.0,56.0,47.0,yarknyorulmaz/fifa-index-player-ratings-dataset-epl-v16-v24,manual,100
391,3538.0,Wayne Mark Rooney,wayne mark rooney,Wayne Rooney,wayne rooney,wayne rooney,87.0,85.0,87.0,85.0,86.0,81.0,80.0,yarknyorulmaz/fifa-index-player-ratings-dataset-epl-v16-v24,manual,100
392,3456.0,Kurt Happy Zouma,kurt happy zouma,Kurt Zouma,kurt zouma,kurt zouma,53.0,47.0,56.0,49.0,47.0,61.0,77.0,yarknyorulmaz/fifa-index-player-ratings-dataset-epl-v16-v24,manual,100
393,5602.0,Cristian Gamboa Luna,cristian gamboa luna,Cristian Gamboa,cristian gamboa,cristian gamboa,65.0,44.0,78.0,48.0,62.0,54.0,57.0,yarknyorulmaz/fifa-index-player-ratings-dataset-epl-v16-v24,manual,100
394,16890.0,John O''Shea,john o''shea,John O'Shea,john o'shea,john o'shea,32.0,29.0,49.0,23.0,32.0,47.0,77.0,yarknyorulmaz/fifa-index-player-ratings-dataset-epl-v16-v24,manual,100
395,3037.0,Mousa Sidi Yaya Dembélé,mousa sidi yaya dembele,Moussa Dembélé,moussa dembele,moussa dembele,71.0,66.0,85.0,72.0,77.0,67.0,68.0,yarknyorulmaz/fifa-index-player-ratings-dataset-epl-v16-v24,manual,100
396,3960.0,José Miguel da Rocha Fonte,jose miguel da rocha fonte,José Fonte,jose fonte,jose fonte,40.0,40.0,29.0,29.0,34.0,43.0,77.0,yarknyorulmaz/fifa-index-player-ratings-dataset-epl-v16-v24,manual,100
397,3445.0,Radamel Falcao García Zárate,radamel falcao garcia zarate,Falcao,falcao,falcao,85.0,83.0,79.0,76.0,85.0,84.0,91.0,yarknyorulmaz/fifa-index-player-ratings-dataset-epl-v16-v24,manual,100
398,3437.0,Francis Joseph Coquelin,francis joseph coquelin,Francis Coquelin,francis coquelin,francis coquelin,64.0,45.0,71.0,59.0,43.0,52.0,60.0,yarknyorulmaz/fifa-index-player-ratings-dataset-epl-v16-v24,manual,100
399,42699.0,Gabriel Imuetinyan Agbonlahor,gabriel imuetinyan agbonlahor,Gabriel Agbonlahor,gabriel agbonlahor,gabriel agbonlahor,67.0,75.0,77.0,73.0,66.0,66.0,76.0,yarknyorulmaz/fifa-index-player-ratings-dataset-epl-v16-v24,manual,100
400,4416.0,Max-Alain Gradel,max alain gradel,Max Gradel,max gradel,max gradel,74.0,75.0,73.0,71.0,70.0,75.0,66.0,yarknyorulmaz/fifa-index-player-ratings-dataset-epl-v16-v24,manual,100
401,6870.0,José Manuel Jurado Marín,jose manuel jurado marin,Jurado,jurado,jurado,73.0,74.0,81.0,84.0,75.0,66.0,47.0,yarknyorulmaz/fifa-index-player-ratings-dataset-epl-v16-v24,manual,100
402,3044.0,Chancel Mbemba Mangulu,chancel mbemba mangulu,Chancel Mbemba,chancel mbemba,chancel mbemba,56.0,57.0,79.0,42.0,37.0,31.0,75.0,yarknyorulmaz/fifa-index-player-ratings-dataset-epl-v16-v24,manual,100
403,23663.0,Dieumerci Mbokani Bezua,dieumerci mbokani bezua,Dieumerci Mbokani,dieumerci mbokani,dieumerci mbokani,79.0,79.0,80.0,68.0,72.0,72.0,79.0,yarknyorulmaz/fifa-index-player-ratings-dataset-epl-v16-v24,manual,100
404,31296.0,Sébastien Aymar Bassong Nguena,sebastien aymar bassong nguena,Sébastien Bassong,sebastien bassong,sebastien bassong,26.0,24.0,64.0,33.0,28.0,50.0,75.0,yarknyorulmaz/fifa-index-player-ratings-dataset-epl-v16-v24,manual,100
405,3666.0,Robert Kenedy Nunes do Nascimento,robert kenedy nunes do nascimento,Kenedy,kenedy,kenedy,68.0,64.0,75.0,66.0,55.0,67.0,66.0,yarknyorulmaz/fifa-index-player-ratings-dataset-epl-v16-v24,manual,100
406,11012.0,Jonathan Grant Evans,jonathan grant evans,Jonny Evans,jonny evans,jonny evans,28.0,28.0,42.0,25.0,46.0,44.0,81.0,yarknyorulmaz/fifa-index-player-ratings-dataset-epl-v16-v24,manual,100
407,6800.0,Carles Gil de Pareja Vicent,carles gil de pareja vicent,Carles Gil,carles gil,carles gil,75.0,62.0,63.0,67.0,71.0,70.0,34.0,yarknyorulmaz/fifa-index-player-ratings-dataset-epl-v16-v24,manual,100
408,30702.0,Brendan Joel Zibusiso Galloway,brendan joel zibusiso galloway,Brendan Galloway,brendan galloway,brendan galloway,34.0,30.0,51.0,40.0,32.0,44.0,61.0,yarknyorulmaz/fifa-index-player-ratings-dataset-epl-v16-v24,manual,100
409,3726.0,Gerard Deulofeu Lázaro,gerard deulofeu lazaro,Deulofeu,deulofeu,deulofeu,78.0,74.0,64.0,65.0,55.0,70.0,40.0,yarknyorulmaz/fifa-index-player-ratings-dataset-epl-v16-v24,manual,100
410,3265.0,José Luis Sanmartín Mato,jose luis sanmartin mato,Joselu,joselu,joselu,78.0,77.0,78.0,72.0,75.0,61.0,81.0,yarknyorulmaz/fifa-index-player-ratings-dataset-epl-v16-v24,manual,100
411,3534.0,Clinton Mua N''Jie,clinton mua n''jie,Clinton N'Jié,clinton n'jie,clinton n'jie,76.0,69.0,73.0,61.0,65.0,56.0,51.0,yarknyorulmaz/fifa-index-player-ratings-dataset-epl-v16-v24,manual,100
412,7063.0,Jefferson Antonio Montero Vite,jefferson antonio montero vite,Jefferson Montero,jefferson montero,jefferson montero,73.0,70.0,76.0,68.0,64.0,68.0,47.0,yarknyorulmaz/fifa-index-player-ratings-dataset-epl-v16-v24,manual,100
413,16003.0,Fernando Francisco Reges,fernando francisco reges,Fernando,fernando,fernando,59.0,54.0,76.0,68.0,41.0,54.0,70.0,yarknyorulmaz/fifa-index-player-ratings-dataset-epl-v16-v24,manual,100
414,3064.0,David Josué Jiménez Silva,david josue jimenez silva,David Silva,david silva,david silva,83.0,72.0,71.0,79.0,80.0,77.0,54.0,yarknyorulmaz/fifa-index-player-ratings-dataset-epl-v16-v24,manual,100
415,3708.0,Kelechi Promise Iheanacho,kelechi promise iheanacho,Kelechi Iheanacho,kelechi iheanacho,kelechi iheanacho,75.0,76.0,73.0,65.0,65.0,74.0,58.0,yarknyorulmaz/fifa-index-player-ratings-dataset-epl-v16-v24,manual,100
416,3665.0,Andrew Philip King,andrew philip king,Andy King,andy king,andy king,72.0,71.0,73.0,74.0,69.0,63.0,71.0,yarknyorulmaz/fifa-index-player-ratings-dataset-epl-v16-v24,manual,100
417,7780.0,Lucas Pezzini Leiva,lucas pezzini leiva,Lucas Leiva,lucas leiva,lucas leiva,49.0,23.0,71.0,35.0,47.0,61.0,65.0,yarknyorulmaz/fifa-index-player-ratings-dataset-epl-v16-v24,manual,100
418,3329.0,Cédric Ricardo Alves Soares,cedric ricardo alves soares,Cédric,cedric,cedric,71.0,57.0,84.0,78.0,68.0,60.0,65.0,yarknyorulmaz/fifa-index-player-ratings-dataset-epl-v16-v24,manual,100
419,42899.0,Gabriel Antoine Obertan,gabriel antoine obertan,Gabriel Obertan,gabriel obertan,gabriel obertan,68.0,61.0,67.0,54.0,60.0,67.0,45.0,yarknyorulmaz/fifa-index-player-ratings-dataset-epl-v16-v24,manual,100
420,11333.0,Adama Traoré Diarra,adama traore diarra,Adama,adama,adama,66.0,64.0,71.0,49.0,47.0,47.0,40.0,yarknyorulmaz/fifa-index-player-ratings-dataset-epl-v16-v24,manual,100
421,6695.0,Juan Miguel Jiménez López,juan miguel jimenez lopez,Juanmi,juanmi,juanmi,83.0,69.0,68.0,56.0,65.0,62.0,66.0,yarknyorulmaz/fifa-index-player-ratings-dataset-epl-v16-v24,manual,100
422,27053.0,Alexandre Dimitri Song-Billong,alexandre dimitri song billong,Alexandre SongL,alexandre songl,alexandre songl,62.0,55.0,68.0,42.0,52.0,66.0,68.0,yarknyorulmaz/fifa-index-player-ratings-dataset-epl-v16-v24,manual,100
423,3267.0,Luis Antonio Valencia Mosquera,luis antonio valencia mosquera,Antonio Valencia,antonio valencia,antonio valencia,72.0,58.0,82.0,59.0,69.0,55.0,60.0,yarknyorulmaz/fifa-index-player-ratings-dataset-epl-v16-v24,manual,100
424,40130.0,Victor Chinedu Anichebe,victor chinedu anichebe,Victor Anichebe,victor anichebe,victor anichebe,73.0,72.0,77.0,71.0,71.0,65.0,72.0,yarknyorulmaz/fifa-index-player-ratings-dataset-epl-v16-v24,manual,100
425,7884.0,Marcin Ryszard Wasilewski,marcin ryszard wasilewski,Marcin Wasilewski,marcin wasilewski,marcin wasilewski,49.0,47.0,79.0,54.0,37.0,72.0,78.0,yarknyorulmaz/fifa-index-player-ratings-dataset-epl-v16-v24,manual,100
426,3052.0,Pablo Javier Zabaleta Girod,pablo javier zabaleta girod,Pablo Zabaleta,pablo zabaleta,pablo zabaleta,71.0,49.0,66.0,57.0,53.0,64.0,76.0,yarknyorulmaz/fifa-index-player-ratings-dataset-epl-v16-v24,manual,100
427,19288.0,Martín Gastón Demichelis,martin gaston demichelis,Martín Demichelis,martin demichelis,martin demichelis,29.0,39.0,48.0,35.0,36.0,46.0,84.0,yarknyorulmaz/fifa-index-player-ratings-dataset-epl-v16-v24,manual,100
428,7010.0,Gastón Exequiel Ramírez Pereyra,gaston exequiel ramirez pereyra,Gastón Ramírez,gaston ramirez,gaston ramirez,75.0,74.0,77.0,78.0,74.0,73.0,57.0,yarknyorulmaz/fifa-index-player-ratings-dataset-epl-v16-v24,manual,100
429,3897.0,Pedro Mba Obiang Avomo,pedro mba obiang avomo,Pedro Obiang,pedro obiang,pedro obiang,62.0,50.0,74.0,63.0,60.0,58.0,70.0,yarknyorulmaz/fifa-index-player-ratings-dataset-epl-v16-v24,manual,100
430,3813.0,Wes Morgan,wes morgan,Wes Morgan,wes morgan,wes morgan,39.0,19.0,52.0,35.0,23.0,17.0,75.0,yarknyorulmaz/fifa-index-player-ratings-dataset-epl-v16-v24,manual,100
431,3288.0,Miguel Ángel Britos Cabrera,miguel angel britos cabrera,Miguel Angel Britos,miguel angel britos,miguel angel britos,24.0,37.0,30.0,31.0,22.0,51.0,74.0,yarknyorulmaz/fifa-index-player-ratings-dataset-epl-v16-v24,manual,100
432,3973.0,Àngel Rangel Zaragoza,angel rangel zaragoza,Àngel Rangel,angel rangel,angel rangel,65.0,56.0,66.0,59.0,43.0,59.0,76.0,yarknyorulmaz/fifa-index-player-ratings-dataset-epl-v16-v24,manual,100
433,3957.0,César Azpilicueta Tanco,cesar azpilicueta tanco,Azpilicueta,azpilicueta,azpilicueta,64.0,46.0,68.0,60.0,54.0,66.0,69.0,yarknyorulmaz/fifa-index-player-ratings-dataset-epl-v16-v24,manual,100
434,5475.0,John Michael Nchekwube Obinna,john michael nchekwube obinna,John Obi Mikel,john obi mikel,john obi mikel,44.0,45.0,71.0,60.0,62.0,45.0,74.0,yarknyorulmaz/fifa-index-player-ratings-dataset-epl-v16-v24,manual,100
435,3590.0,Rhu-endly Martina,rhu endly martina,Cuco Martina,cuco martina,cuco martina,53.0,45.0,61.0,64.0,44.0,51.0,65.0,yarknyorulmaz/fifa-index-player-ratings-dataset-epl-v16-v24,manual,100
436,16932.0,Youssouf Chafiq Mulumbu Ngangu,youssouf chafiq mulumbu ngangu,Youssouf Mulumbu,youssouf mulumbu,youssouf mulumbu,66.0,62.0,72.0,62.0,34.0,57.0,63.0,yarknyorulmaz/fifa-index-player-ratings-dataset-epl-v16-v24,manual,100
437,9958.0,Steven Caulker,steven caulker,Steven CaulkerL,steven caulkerl,steven caulkerl,25.0,32.0,42.0,23.0,17.0,50.0,74.0,yarknyorulmaz/fifa-index-player-ratings-dataset-epl-v16-v24,manual,100
438,7121.0,Sandro Ranieri Guimarães Cordeiro,sandro ranieri guimaraes cordeiro,SandroL,sandrol,sandrol,62.0,65.0,80.0,75.0,57.0,62.0,67.0,yarknyorulmaz/fifa-index-player-ratings-dataset-epl-v16-v24,manual,100
439,4045.0,Leroy Fer,leroy fer,Leroy FerL,leroy ferl,leroy ferl,74.0,70.0,85.0,78.0,66.0,72.0,80.0,yarknyorulmaz/fifa-index-player-ratings-dataset-epl-v16-v24,manual,100
440,3569.0,Daniel Nii Tackie Mensah Welbeck,daniel nii tackie mensah welbeck,Danny Welbeck,danny welbeck,danny welbeck,82.0,77.0,77.0,72.0,76.0,70.0,77.0,yarknyorulmaz/fifa-index-player-ratings-dataset-epl-v16-v24,manual,100
441,6560.0,Marc Muniesa Martínez,marc muniesa martinez,Marc Muniesa,marc muniesa,marc muniesa,61.0,42.0,46.0,37.0,32.0,50.0,70.0,yarknyorulmaz/fifa-index-player-ratings-dataset-epl-v16-v24,manual,100
442,4346.0,Gilbert Gianelli Imbula Wanga,gilbert gianelli imbula wanga,Giannelli Imbula,giannelli imbula,giannelli imbula,75.0,51.0,79.0,77.0,28.0,29.0,62.0,yarknyorulmaz/fifa-index-player-ratings-dataset-epl-v16-v24,manual,100
443,11992.0,Kevin Linford Stewart,kevin linford stewart,Kevin Stewart,kevin stewart,kevin stewart,49.0,21.0,47.0,43.0,25.0,44.0,47.0,yarknyorulmaz/fifa-index-player-ratings-dataset-epl-v16-v24,manual,100
444,17276.0,Seydou Doumbia,seydou doumbia,Seydou DoumbiaL,seydou doumbial,seydou doumbial,78.0,80.0,79.0,76.0,78.0,79.0,73.0,yarknyorulmaz/fifa-index-player-ratings-dataset-epl-v16-v24,manual,100
445,6652.0,Jordi Amat Maas,jordi amat maas,Jordi Amat,jordi amat,jordi amat,30.0,34.0,75.0,65.0,28.0,28.0,74.0,yarknyorulmaz/fifa-index-player-ratings-dataset-epl-v16-v24,manual,100
446,27949.0,Juan Manuel Iturbe Arévalo,juan manuel iturbe arevalo,Juan Manuel Iturbe,juan manuel iturbe,juan manuel iturbe,75.0,65.0,76.0,76.0,61.0,62.0,40.0,yarknyorulmaz/fifa-index-player-ratings-dataset-epl-v16-v24,manual,100
447,42901.0,Osazemwinde Peter Odemwingie,osazemwinde peter odemwingie,Peter Odemwingie,peter odemwingie,peter odemwingie,77.0,77.0,81.0,74.0,75.0,60.0,72.0,yarknyorulmaz/fifa-index-player-ratings-dataset-epl-v16-v24,manual,100
448,25351.0,Alexandre Rodrigues da Silva,alexandre rodrigues da silva,Alexandre Pato,alexandre pato,alexandre pato,80.0,81.0,78.0,76.0,75.0,77.0,73.0,yarknyorulmaz/fifa-index-player-ratings-dataset-epl-v16-v24,manual,100
449,3465.0,Timothy Evans Fosu-Mensah,timothy evans fosu mensah,Timothy Fosu-Mensah,timothy fosu mensah,timothy fosu mensah,51.0,46.0,72.0,54.0,32.0,48.0,67.0,yarknyorulmaz/fifa-index-player-ratings-dataset-epl-v16-v24,manual,100
450,128704.0,Emmanuel Emenike,emmanuel emenike,Emmanuel EmenikeL,emmanuel emenikel,emmanuel emenikel,76.0,70.0,84.0,73.0,73.0,66.0,70.0,yarknyorulmaz/fifa-index-player-ratings-dataset-epl-v16-v24,manual,100
451,22058.0,Connor Steven Randall,connor steven randall,Connor Randall,connor randall,connor randall,50.0,44.0,49.0,58.0,59.0,56.0,30.0,yarknyorulmaz/fifa-index-player-ratings-dataset-epl-v16-v24,manual,100
452,3440.0,Tammy Bakumo-Abraham,tammy bakumo abraham,Tammy Abraham,tammy abraham,tammy abraham,62.0,65.0,69.0,61.0,44.0,76.0,73.0,yarknyorulmaz/fifa-index-player-ratings-dataset-epl-v16-v24,manual,100
453,13448.0,Bradley Shaun Smith,bradley shaun smith,Brad Smith,brad smith,brad smith,59.0,42.0,40.0,49.0,23.0,40.0,35.0,yarknyorulmaz/fifa-index-player-ratings-dataset-epl-v16-v24,manual,100
454,42900.0,Cheik Ismaël Tioté,cheik ismael tiote,Cheick Tioté,cheick tiote,cheick tiote,53.0,47.0,74.0,63.0,68.0,52.0,64.0,yarknyorulmaz/fifa-index-player-ratings-dataset-epl-v16-v24,manual,100
455,45014.0,Tokelo Anthony Rantie,tokelo anthony rantie,Tokelo Rantie,tokelo rantie,tokelo rantie,65.0,65.0,64.0,57.0,60.0,57.0,55.0,yarknyorulmaz/fifa-index-player-ratings-dataset-epl-v16-v24,manual,100
456,4097.0,Matt Grimes,matt grimes,Matthew Grimes,matthew grimes,matthew grimes,50.0,52.0,65.0,60.0,49.0,59.0,35.0,yarknyorulmaz/fifa-index-player-ratings-dataset-epl-v16-v24,manual,100
457,42946.0,Guangtai Jiang,guangtai jiang,Tyias Browning,tyias browning,tyias browning,41.0,25.0,48.0,35.0,33.0,43.0,64.0,yarknyorulmaz/fifa-index-player-ratings-dataset-epl-v16-v24,manual,100
458,28559.0,Enner Remberto Valencia Lastra,enner remberto valencia lastra,Enner Valencia,enner valencia,enner valencia,73.0,75.0,84.0,74.0,60.0,70.0,80.0,yarknyorulmaz/fifa-index-player-ratings-dataset-epl-v16-v24,manual,100
