Estimator,Comparison,Metric,Median Δ,95% CI Lower,95% CI Upper
Logistic Regression,A → B,Log Loss,-0.016384888054265273,-0.020221892829711183,-0.012518970343690622
Logistic Regression,A → B,ROC_AUC,0.034331693315027834,0.025599966848569314,0.04278274923980333
Logistic Regression,A → B,Brier Score,-0.005006681785325824,-0.006235455623092125,-0.0038507584390489917
Logistic Regression,A → C,Log Loss,-0.0034298820620808634,-0.004923789631532326,-0.001998963929235359
Logistic Regression,A → C,ROC_AUC,0.00951753885875306,0.005708320715162177,0.013441476276642987
Logistic Regression,A → C,Brier Score,-0.0008271006939603934,-0.0012580439213900063,-0.00041078021995953135
Logistic Regression,B → D,Log Loss,-0.0011193839949193707,-0.001956442442724131,-0.00032136075716889304
Logistic Regression,B → D,ROC_AUC,0.003823315406048744,0.0018260500187561618,0.005894527282690986
Logistic Regression,B → D,Brier Score,-0.00016176145077746729,-0.0003736106022833773,5.8329542488526496e-05
Logistic Regression,C → D,Log Loss,-0.0140340646164345,-0.017533412198707576,-0.010536681997457747
Logistic Regression,C → D,ROC_AUC,0.028628765046762594,0.02048056830264542,0.036781513010812394
Logistic Regression,C → D,Brier Score,-0.004330053601521958,-0.005480200089177553,-0.00323016749875921
Logistic Regression,A → D,Log Loss,-0.017500681217030856,-0.021432691352248515,-0.013774342343268279
Logistic Regression,A → D,ROC_AUC,0.03815387721157876,0.02911809975381547,0.046958560893353436
Logistic Regression,A → D,Brier Score,-0.00516730926799145,-0.006408547903361568,-0.003995679224032442
Random Forest,A → B,Log Loss,-0.013183051080063263,-0.016131000644289316,-0.010023019073162734
Random Forest,A → B,ROC_AUC,0.036422439271773965,0.028967432627975468,0.04350367948224764
Random Forest,A → B,Brier Score,-0.0040707181214141575,-0.005064380698988431,-0.003084664838586808
Random Forest,A → C,Log Loss,-0.003044733476033429,-0.0044606043626165895,-0.0015997604293379202
Random Forest,A → C,ROC_AUC,0.012080342995054949,0.007541147902651579,0.016248491703989128
Random Forest,A → C,Brier Score,-0.0008356399152277261,-0.001295582580126164,-0.0003731355602988806
Random Forest,B → D,Log Loss,-0.0005766599227036706,-0.001250651706023162,6.444061778020056e-05
Random Forest,B → D,ROC_AUC,0.0011617148520512988,-0.0009726191263854877,0.0034855918577401082
Random Forest,B → D,Brier Score,-0.00015612548152004607,-0.0003357931449014851,3.1113604099474896e-05
Random Forest,C → D,Log Loss,-0.010719580565582837,-0.01332983698204622,-0.008026145034954616
Random Forest,C → D,ROC_AUC,0.025610910460352188,0.018803845288796063,0.032262195330220456
Random Forest,C → D,Brier Score,-0.0033929191989896107,-0.004281695587782921,-0.002495347859712647
Random Forest,A → D,Log Loss,-0.013740680239914677,-0.01666642839264554,-0.010618067733723277
Random Forest,A → D,ROC_AUC,0.03759757618982573,0.029940564183136065,0.04487735071363898
Random Forest,A → D,Brier Score,-0.00423653293390016,-0.0052266333787016435,-0.0032259571531840403
XGBoost,A → B,Log Loss,-0.015667863898951723,-0.01934069116880177,-0.011783668071402856
XGBoost,A → B,ROC_AUC,0.038085438129939975,0.029787707825004638,0.046040655552034356
XGBoost,A → B,Brier Score,-0.0047613786178008904,-0.005976461715416235,-0.0035104286144815133
XGBoost,A → C,Log Loss,-0.0033258039373107173,-0.005129019512078001,-0.001603589420534187
XGBoost,A → C,ROC_AUC,0.012527859961848242,0.007659675399915763,0.017557850787951895
XGBoost,A → C,Brier Score,-0.0008715537853766914,-0.0013764433172331174,-0.00035987764449630944
XGBoost,B → D,Log Loss,-0.000775612334321274,-0.0019161726224744893,0.00032527599443937224
XGBoost,B → D,ROC_AUC,0.0019156976047073337,-0.0006763245801615553,0.004683734601906131
XGBoost,B → D,Brier Score,-0.0002190023789997858,-0.0005543686991863587,0.00011863692389829708
XGBoost,C → D,Log Loss,-0.013129343325882725,-0.016488443118085658,-0.00977504884761406
XGBoost,C → D,ROC_AUC,0.027346709459804996,0.01993545683176052,0.03483661605474826
XGBoost,C → D,Brier Score,-0.004098753025608248,-0.005249715303689312,-0.0029670309038087733
XGBoost,A → D,Log Loss,-0.016466704176887503,-0.02016616000132614,-0.01268609931873417
XGBoost,A → D,ROC_AUC,0.03990112349821695,0.03168116652593604,0.04811024851201086
XGBoost,A → D,Brier Score,-0.004983033223386411,-0.006202427045200081,-0.003703765260618425
CatBoost,A → B,Log Loss,-0.015264950490359225,-0.019160996435841043,-0.011422100048089311
CatBoost,A → B,ROC_AUC,0.03638706085841947,0.02772565564275593,0.04420692010183012
CatBoost,A → B,Brier Score,-0.004809161683909831,-0.006073190426243328,-0.0034637245467178147
CatBoost,A → C,Log Loss,-0.003254499117455678,-0.004873541257307793,-0.001666906657447214
CatBoost,A → C,ROC_AUC,0.012423491134005982,0.007641701117107105,0.017348443079626304
CatBoost,A → C,Brier Score,-0.0008105557938770658,-0.0012868850421553818,-0.00031542350753798165
CatBoost,B → D,Log Loss,-0.0013553987188465455,-0.002725048534674626,9.661880128022197e-05
CatBoost,B → D,ROC_AUC,0.0023542039523847813,-0.0005766190750537498,0.005397851408403103
CatBoost,B → D,Brier Score,-0.0004340217177159003,-0.0008696249676384468,2.4489903371837393e-05
CatBoost,C → D,Log Loss,-0.013305360096482866,-0.01693378182011798,-0.009777356874104724
CatBoost,C → D,ROC_AUC,0.0261272135366713,0.01861896996376385,0.03358451772015844
CatBoost,C → D,Brier Score,-0.004396271096556922,-0.0055881971162927155,-0.0032198459689915465
CatBoost,A → D,Log Loss,-0.016623764683542597,-0.020391695377181947,-0.012695671309694031
CatBoost,A → D,ROC_AUC,0.03859205123390924,0.02986690120587738,0.046557969792231015
CatBoost,A → D,Brier Score,-0.0052205542377080985,-0.006478189979464229,-0.003913309081849109
TABPFN,A → B,Log Loss,-0.016652960768622244,-0.020455383801998635,-0.012724592130138414
TABPFN,A → B,ROC_AUC,0.03759511529134735,0.028890851675146455,0.0459587202327165
TABPFN,A → B,Brier Score,-0.00532838412401232,-0.0065363401925400836,-0.004069199949728866
TABPFN,A → C,Log Loss,-0.0030783786643289457,-0.004502225140492944,-0.0016431049380040675
TABPFN,A → C,ROC_AUC,0.01040574288732915,0.006150695841771428,0.01453674676510422
TABPFN,A → C,Brier Score,-0.0007887345651097083,-0.001200394148853242,-0.00036038159273998806
TABPFN,B → D,Log Loss,-0.0012792826285817072,-0.0021471029517043673,-0.0004209400902590652
TABPFN,B → D,ROC_AUC,0.0031211830468154123,0.001199792896987345,0.005067611369256232
TABPFN,B → D,Brier Score,-0.00024211726543570122,-0.00047161005065812675,-1.4401344990548602e-05
TABPFN,C → D,Log Loss,-0.014834929782094691,-0.018277971856038005,-0.011283062652513772
TABPFN,C → D,ROC_AUC,0.030214813368270144,0.022435223314244367,0.03802628493416336
TABPFN,C → D,Brier Score,-0.004774117187461485,-0.005919453638176499,-0.003593299165006302
TABPFN,A → D,Log Loss,-0.017920086038143018,-0.021644540130283916,-0.013946001520386591
TABPFN,A → D,ROC_AUC,0.04066126909637191,0.03187530622939086,0.049126169751559666
TABPFN,A → D,Brier Score,-0.005566479799292624,-0.006828912465429295,-0.004289430967035748
